-- phpMyAdmin SQL Dump
-- version 4.1.12
-- http://www.phpmyadmin.net
--
-- Host: 127.0.0.1
-- Generation Time: Jan 14, 2020 at 02:47 PM
-- Server version: 5.6.16
-- PHP Version: 5.5.11

SET SQL_MODE = "NO_AUTO_VALUE_ON_ZERO";
SET time_zone = "+00:00";


/*!40101 SET @OLD_CHARACTER_SET_CLIENT=@@CHARACTER_SET_CLIENT */;
/*!40101 SET @OLD_CHARACTER_SET_RESULTS=@@CHARACTER_SET_RESULTS */;
/*!40101 SET @OLD_COLLATION_CONNECTION=@@COLLATION_CONNECTION */;
/*!40101 SET NAMES utf8 */;

--
-- Database: `db_produksi`
--

-- --------------------------------------------------------

--
-- Table structure for table `mt_anggota`
--

CREATE TABLE IF NOT EXISTS `mt_anggota` (
  `id_anggota` varchar(25) NOT NULL,
  `nama_anggota` varchar(100) NOT NULL,
  `password_anggota` varchar(100) NOT NULL,
  `status_anggota` varchar(25) NOT NULL,
  `grup_anggota` varchar(25) NOT NULL,
  `created_at` datetime NOT NULL,
  `updated_at` datetime NOT NULL,
  PRIMARY KEY (`id_anggota`)
) ENGINE=InnoDB DEFAULT CHARSET=latin1;

--
-- Dumping data for table `mt_anggota`
--

INSERT INTO `mt_anggota` (`id_anggota`, `nama_anggota`, `password_anggota`, `status_anggota`, `grup_anggota`, `created_at`, `updated_at`) VALUES
('U_0001', 'admin', '93896f81754b2c5a375af5c75cfa1664', 'AKTIF', 'ADMIN', '2019-11-28 00:00:00', '2019-11-28 00:00:00'),
('U_0002', 'bakhtiar', '304566c874b426ebcee417f90551d663', 'TIDAK AKTIF', 'ANGGOTA', '2019-11-28 01:44:27', '2019-12-24 17:29:35'),
('U_0003', 'sari', '3a19a956ad4663ca486f88321244bae5', 'TIDAK AKTIF', 'ADMIN', '2019-12-24 17:36:48', '2019-12-24 17:36:57');

-- --------------------------------------------------------

--
-- Table structure for table `mt_kandang`
--

CREATE TABLE IF NOT EXISTS `mt_kandang` (
  `id_kandang` varchar(25) NOT NULL,
  `id_lokasi` varchar(25) NOT NULL,
  `nama_kandang` varchar(100) NOT NULL,
  `kapasitas_ayam` int(11) NOT NULL,
  `status_kandang` varchar(25) NOT NULL,
  `created_at` datetime NOT NULL,
  `updated_at` datetime NOT NULL,
  PRIMARY KEY (`id_kandang`),
  KEY `id_lokasi` (`id_lokasi`)
) ENGINE=InnoDB DEFAULT CHARSET=latin1;

--
-- Dumping data for table `mt_kandang`
--

INSERT INTO `mt_kandang` (`id_kandang`, `id_lokasi`, `nama_kandang`, `kapasitas_ayam`, `status_kandang`, `created_at`, `updated_at`) VALUES
('KN_0001', 'LK_0001', 'kandang 1', 1000, 'AKTIF', '2019-12-01 11:49:27', '2019-12-09 19:19:50'),
('KN_0002', 'LK_0001', 'kandang 2', 800, 'AKTIF', '2019-12-01 11:49:37', '2019-12-01 11:49:42'),
('KN_0003', 'LK_0001', 'kandang 3', 800, 'AKTIF', '2019-12-09 19:20:03', '2019-12-12 16:42:42'),
('KN_0004', 'LK_0001', 'kandang 4', 800, 'AKTIF', '2019-12-09 19:20:17', '2019-12-09 19:20:17'),
('KN_0005', 'LK_0001', 'kandang 5', 800, 'AKTIF', '2019-12-09 19:20:29', '2019-12-09 19:20:29'),
('KN_0006', 'LK_0002', 'kandang prapen 1', 700, 'AKTIF', '2019-12-09 19:20:40', '2019-12-27 16:56:06'),
('KN_0007', 'LK_0002', 'kandang 2', 700, 'AKTIF', '2019-12-09 19:20:50', '2019-12-09 19:20:50'),
('KN_0008', 'LK_0002', 'kandang 3', 700, 'AKTIF', '2019-12-09 19:20:59', '2019-12-09 19:20:59'),
('KN_0009', 'LK_0002', 'kandang 4', 700, 'AKTIF', '2019-12-09 19:21:09', '2019-12-09 19:21:09'),
('KN_0010', 'LK_0002', 'kandang 5', 700, 'AKTIF', '2019-12-09 19:21:18', '2019-12-09 19:21:18'),
('KN_0011', 'LK_0001', 'kandang 6', 700, 'TIDAK AKTIF', '2019-12-24 17:38:17', '2019-12-24 17:38:26');

-- --------------------------------------------------------

--
-- Table structure for table `mt_lokasi`
--

CREATE TABLE IF NOT EXISTS `mt_lokasi` (
  `id_lokasi` varchar(25) NOT NULL,
  `nama_lokasi` varchar(100) NOT NULL,
  `status_lokasi` varchar(25) NOT NULL,
  `created_at` datetime NOT NULL,
  `updated_at` datetime NOT NULL,
  PRIMARY KEY (`id_lokasi`)
) ENGINE=InnoDB DEFAULT CHARSET=latin1;

--
-- Dumping data for table `mt_lokasi`
--

INSERT INTO `mt_lokasi` (`id_lokasi`, `nama_lokasi`, `status_lokasi`, `created_at`, `updated_at`) VALUES
('LK_0001', 'jemursari', 'AKTIF', '2019-11-29 14:02:01', '0000-00-00 00:00:00'),
('LK_0002', 'prapen', 'AKTIF', '2019-11-29 14:02:07', '0000-00-00 00:00:00'),
('LK_0003', 'semolowaru', 'TIDAK AKTIF', '2019-12-24 17:37:57', '2019-12-24 17:38:04');

-- --------------------------------------------------------

--
-- Table structure for table `mt_strain`
--

CREATE TABLE IF NOT EXISTS `mt_strain` (
  `id_strain` varchar(25) NOT NULL,
  `nama_strain` varchar(100) NOT NULL,
  `status_strain` varchar(25) NOT NULL,
  `created_at` datetime NOT NULL,
  `updated_at` datetime NOT NULL,
  PRIMARY KEY (`id_strain`)
) ENGINE=InnoDB DEFAULT CHARSET=latin1;

--
-- Dumping data for table `mt_strain`
--

INSERT INTO `mt_strain` (`id_strain`, `nama_strain`, `status_strain`, `created_at`, `updated_at`) VALUES
('SN_0001', 'ISA BROWN', 'AKTIF', '2019-12-19 16:32:18', '0000-00-00 00:00:00'),
('SN_0002', 'HISEX BROWN', 'AKTIF', '2020-01-12 13:02:42', '0000-00-00 00:00:00'),
('SN_0003', 'HY-LINE BROWN', 'AKTIF', '2020-01-12 13:03:05', '0000-00-00 00:00:00'),
('SN_0004', 'LOHMANN BROWN', 'AKTIF', '2020-01-12 13:03:26', '0000-00-00 00:00:00'),
('SN_0005', 'CUSTOMIZE', 'AKTIF', '2020-01-12 13:03:37', '0000-00-00 00:00:00');

-- --------------------------------------------------------

--
-- Table structure for table `mt_strain_nilai`
--

CREATE TABLE IF NOT EXISTS `mt_strain_nilai` (
  `id_strain_nilai` varchar(25) NOT NULL,
  `id_strain` varchar(25) NOT NULL,
  `nama_strain_nilai` varchar(100) NOT NULL,
  `minggu_strain_nilai` int(11) NOT NULL,
  `standar_strain_nilai` float NOT NULL,
  `status_strain_nilai` varchar(25) NOT NULL,
  `created_at` datetime NOT NULL,
  `updated_at` datetime NOT NULL,
  PRIMARY KEY (`id_strain_nilai`),
  KEY `id_strain` (`id_strain`)
) ENGINE=InnoDB DEFAULT CHARSET=latin1;

--
-- Dumping data for table `mt_strain_nilai`
--

INSERT INTO `mt_strain_nilai` (`id_strain_nilai`, `id_strain`, `nama_strain_nilai`, `minggu_strain_nilai`, `standar_strain_nilai`, `status_strain_nilai`, `created_at`, `updated_at`) VALUES
('SI_0001', 'SN_0001', '% LAY', 18, 3.8, 'AKTIF', '2020-01-12 13:05:33', '2020-01-12 13:05:33'),
('SI_0002', 'SN_0001', '% LAY', 19, 16.9, 'AKTIF', '2020-01-12 13:06:04', '2020-01-12 13:06:04'),
('SI_0003', 'SN_0001', '% LAY', 20, 40.1, 'AKTIF', '2020-01-12 13:06:24', '2020-01-12 13:06:24'),
('SI_0004', 'SN_0001', '% LAY', 21, 63.8, 'AKTIF', '2020-01-12 13:08:22', '2020-01-12 13:08:22'),
('SI_0005', 'SN_0001', '% LAY', 22, 82.1, 'AKTIF', '2020-01-12 13:08:37', '2020-01-12 13:08:37'),
('SI_0006', 'SN_0001', '% LAY', 23, 92.4, 'AKTIF', '2020-01-12 13:08:50', '2020-01-12 13:08:50'),
('SI_0007', 'SN_0001', '% LAY', 24, 95.4, 'AKTIF', '2020-01-12 13:09:20', '2020-01-12 13:09:20'),
('SI_0008', 'SN_0001', '% LAY', 25, 96.1, 'AKTIF', '2020-01-12 13:09:41', '2020-01-12 13:09:41'),
('SI_0009', 'SN_0001', '% LAY', 26, 96.1, 'AKTIF', '2020-01-12 13:10:11', '2020-01-12 13:10:11'),
('SI_0010', 'SN_0001', '% LAY', 27, 96, 'AKTIF', '2020-01-12 13:11:15', '2020-01-12 13:11:15'),
('SI_0011', 'SN_0001', '% LAY', 28, 96, 'AKTIF', '2020-01-12 13:11:31', '2020-01-12 13:11:31'),
('SI_0012', 'SN_0001', '% LAY', 29, 96, 'AKTIF', '2020-01-12 13:11:56', '2020-01-12 13:11:56'),
('SI_0013', 'SN_0001', '% LAY', 30, 95.9, 'AKTIF', '2020-01-12 13:12:12', '2020-01-12 13:12:12'),
('SI_0014', 'SN_0001', '% LAY', 31, 95.9, 'AKTIF', '2020-01-12 13:12:35', '2020-01-12 13:12:35'),
('SI_0015', 'SN_0001', '% LAY', 32, 95.8, 'AKTIF', '2020-01-12 13:12:55', '2020-01-12 13:12:55'),
('SI_0016', 'SN_0001', '% LAY', 33, 95.7, 'AKTIF', '2020-01-12 13:13:29', '2020-01-12 13:13:29'),
('SI_0017', 'SN_0001', '% LAY', 34, 95.6, 'AKTIF', '2020-01-12 13:13:41', '2020-01-12 13:13:41'),
('SI_0018', 'SN_0001', '% LAY', 35, 95.4, 'AKTIF', '2020-01-12 13:13:53', '2020-01-12 13:13:53'),
('SI_0019', 'SN_0001', '% LAY', 36, 95.3, 'AKTIF', '2020-01-12 13:14:14', '2020-01-12 13:14:14'),
('SI_0020', 'SN_0001', '% LAY', 37, 95.2, 'AKTIF', '2020-01-12 13:14:36', '2020-01-12 13:14:36'),
('SI_0021', 'SN_0001', '% LAY', 38, 95, 'AKTIF', '2020-01-12 13:14:49', '2020-01-12 13:14:49'),
('SI_0022', 'SN_0001', '% LAY', 39, 94.8, 'AKTIF', '2020-01-12 13:15:03', '2020-01-12 13:15:03'),
('SI_0023', 'SN_0001', '% LAY', 40, 94.6, 'AKTIF', '2020-01-12 13:15:34', '2020-01-12 13:15:34'),
('SI_0024', 'SN_0001', '% LAY', 41, 94.4, 'AKTIF', '2020-01-12 13:15:44', '2020-01-12 13:15:44'),
('SI_0025', 'SN_0001', '% LAY', 42, 94.2, 'AKTIF', '2020-01-12 13:15:56', '2020-01-12 13:15:56'),
('SI_0026', 'SN_0001', '% LAY', 43, 94, 'AKTIF', '2020-01-12 13:16:14', '2020-01-12 13:16:14'),
('SI_0027', 'SN_0001', '% LAY', 44, 93.7, 'AKTIF', '2020-01-12 13:16:46', '2020-01-12 13:16:46'),
('SI_0028', 'SN_0001', '% LAY', 45, 93.5, 'AKTIF', '2020-01-12 13:17:01', '2020-01-12 13:17:01'),
('SI_0029', 'SN_0001', '% LAY', 46, 93.2, 'AKTIF', '2020-01-12 13:17:23', '2020-01-12 13:17:23'),
('SI_0030', 'SN_0001', '% LAY', 47, 92.9, 'AKTIF', '2020-01-12 13:17:34', '2020-01-12 13:17:34'),
('SI_0031', 'SN_0001', '% LAY', 48, 92.6, 'AKTIF', '2020-01-12 13:17:46', '2020-01-12 13:17:46'),
('SI_0032', 'SN_0001', '% LAY', 49, 92.3, 'AKTIF', '2020-01-12 13:18:09', '2020-01-12 13:18:09'),
('SI_0033', 'SN_0001', '% LAY', 50, 92, 'AKTIF', '2020-01-12 13:18:22', '2020-01-12 13:18:22'),
('SI_0034', 'SN_0001', '% LAY', 51, 91.6, 'AKTIF', '2020-01-12 13:18:36', '2020-01-12 13:18:36'),
('SI_0035', 'SN_0001', '% LAY', 52, 91.3, 'AKTIF', '2020-01-12 13:18:52', '2020-01-12 13:18:52'),
('SI_0036', 'SN_0001', '% LAY', 53, 90.5, 'AKTIF', '2020-01-12 13:19:07', '2020-01-12 13:19:07'),
('SI_0037', 'SN_0001', '% LAY', 54, 90.5, 'AKTIF', '2020-01-12 13:19:20', '2020-01-12 13:19:20'),
('SI_0038', 'SN_0001', '% LAY', 55, 90.2, 'AKTIF', '2020-01-12 13:25:33', '2020-01-12 13:25:33'),
('SI_0039', 'SN_0001', '% LAY', 56, 89.8, 'AKTIF', '2020-01-12 13:25:49', '2020-01-12 13:25:49'),
('SI_0040', 'SN_0001', '% LAY', 57, 89.4, 'AKTIF', '2020-01-12 13:26:25', '2020-01-12 13:26:25'),
('SI_0041', 'SN_0001', '% LAY', 58, 89, 'AKTIF', '2020-01-12 13:26:44', '2020-01-12 13:26:44'),
('SI_0042', 'SN_0001', '% LAY', 59, 88.5, 'AKTIF', '2020-01-12 13:27:18', '2020-01-12 13:27:18'),
('SI_0043', 'SN_0001', '% LAY', 60, 88.1, 'AKTIF', '2020-01-12 13:27:35', '2020-01-12 13:27:35'),
('SI_0044', 'SN_0001', '% LAY', 61, 87.7, 'AKTIF', '2020-01-12 13:27:51', '2020-01-12 13:27:51'),
('SI_0045', 'SN_0001', '% LAY', 62, 87.2, 'AKTIF', '2020-01-12 13:29:21', '2020-01-12 13:29:21'),
('SI_0046', 'SN_0001', '% LAY', 63, 86.8, 'AKTIF', '2020-01-12 13:29:36', '2020-01-12 13:29:36'),
('SI_0047', 'SN_0001', '% LAY', 64, 86.3, 'AKTIF', '2020-01-12 13:29:52', '2020-01-12 13:29:52'),
('SI_0048', 'SN_0001', '% LAY', 65, 85.9, 'AKTIF', '2020-01-12 13:30:05', '2020-01-12 13:30:05'),
('SI_0049', 'SN_0001', '% LAY', 66, 85.4, 'AKTIF', '2020-01-12 13:30:25', '2020-01-12 13:30:25'),
('SI_0050', 'SN_0001', '% LAY', 67, 84.9, 'AKTIF', '2020-01-12 13:30:43', '2020-01-12 13:30:43'),
('SI_0051', 'SN_0001', '% LAY', 68, 84.4, 'AKTIF', '2020-01-12 13:31:00', '2020-01-12 13:31:00'),
('SI_0052', 'SN_0001', '% LAY', 69, 84, 'AKTIF', '2020-01-12 13:31:29', '2020-01-12 13:31:29'),
('SI_0053', 'SN_0001', '% LAY', 70, 83.5, 'AKTIF', '2020-01-12 13:31:42', '2020-01-12 13:31:42'),
('SI_0054', 'SN_0001', '% LAY', 71, 83, 'AKTIF', '2020-01-12 13:32:00', '2020-01-12 13:32:00'),
('SI_0055', 'SN_0001', '% LAY', 72, 82.5, 'AKTIF', '2020-01-12 13:33:41', '2020-01-12 13:33:41'),
('SI_0056', 'SN_0001', '% LAY', 73, 82, 'AKTIF', '2020-01-12 13:37:01', '2020-01-12 13:37:01'),
('SI_0057', 'SN_0001', '% LAY', 74, 81.5, 'AKTIF', '2020-01-12 13:37:25', '2020-01-12 13:37:25'),
('SI_0058', 'SN_0001', '% LAY', 75, 81, 'AKTIF', '2020-01-12 13:37:37', '2020-01-12 13:37:37'),
('SI_0059', 'SN_0001', '% LAY', 76, 80.6, 'AKTIF', '2020-01-12 13:38:08', '2020-01-12 13:38:08'),
('SI_0060', 'SN_0001', '% LAY', 77, 80.1, 'AKTIF', '2020-01-12 13:38:23', '2020-01-12 13:38:23'),
('SI_0061', 'SN_0001', '% LAY', 78, 79.6, 'AKTIF', '2020-01-12 13:38:36', '2020-01-12 13:38:36'),
('SI_0062', 'SN_0001', '% LAY', 79, 79.1, 'AKTIF', '2020-01-12 13:38:51', '2020-01-12 13:38:51'),
('SI_0063', 'SN_0001', '% LAY', 80, 78.7, 'AKTIF', '2020-01-12 13:39:05', '2020-01-12 13:39:05'),
('SI_0064', 'SN_0001', '% LAY', 81, 78.2, 'AKTIF', '2020-01-12 13:39:18', '2020-01-12 13:39:18'),
('SI_0065', 'SN_0001', '% LAY', 82, 77.8, 'AKTIF', '2020-01-12 13:39:32', '2020-01-12 13:39:32'),
('SI_0066', 'SN_0001', '% LAY', 83, 77.3, 'AKTIF', '2020-01-12 13:39:47', '2020-01-12 13:39:47'),
('SI_0067', 'SN_0001', '% LAY', 84, 76.8, 'AKTIF', '2020-01-12 13:40:14', '2020-01-12 13:40:14'),
('SI_0068', 'SN_0001', '% LAY', 85, 76.3, 'AKTIF', '2020-01-12 13:40:41', '2020-01-12 13:40:41'),
('SI_0069', 'SN_0001', '% LAY', 86, 75.8, 'AKTIF', '2020-01-12 13:41:00', '2020-01-12 13:41:00'),
('SI_0070', 'SN_0001', '% LAY', 87, 75.4, 'AKTIF', '2020-01-12 13:41:13', '2020-01-12 13:41:13'),
('SI_0071', 'SN_0001', '% LAY', 88, 74.9, 'AKTIF', '2020-01-12 13:41:29', '2020-01-12 13:41:29'),
('SI_0072', 'SN_0001', '% LAY', 89, 74.4, 'AKTIF', '2020-01-12 13:41:39', '2020-01-12 13:41:39'),
('SI_0073', 'SN_0001', '% LAY', 90, 73.9, 'AKTIF', '2020-01-12 13:41:51', '2020-01-12 13:41:51'),
('SI_0074', 'SN_0001', 'EGG WEIGHT', 18, 42.3, 'AKTIF', '2020-01-12 13:05:33', '2020-01-12 13:05:33'),
('SI_0075', 'SN_0001', 'EGG WEIGHT', 19, 46.1, 'AKTIF', '2020-01-12 13:06:04', '2020-01-12 13:06:04'),
('SI_0076', 'SN_0001', 'EGG WEIGHT', 20, 49.3, 'AKTIF', '2020-01-12 13:06:24', '2020-01-12 13:06:24'),
('SI_0077', 'SN_0001', 'EGG WEIGHT', 21, 52, 'AKTIF', '2020-01-12 13:08:22', '2020-01-12 13:08:22'),
('SI_0078', 'SN_0001', 'EGG WEIGHT', 22, 54.2, 'AKTIF', '2020-01-12 13:08:37', '2020-01-12 13:08:37'),
('SI_0079', 'SN_0001', 'EGG WEIGHT', 23, 56, 'AKTIF', '2020-01-12 13:08:50', '2020-01-12 13:08:50'),
('SI_0080', 'SN_0001', 'EGG WEIGHT', 24, 57.4, 'AKTIF', '2020-01-12 13:09:20', '2020-01-12 13:09:20'),
('SI_0081', 'SN_0001', 'EGG WEIGHT', 25, 58.6, 'AKTIF', '2020-01-12 13:09:41', '2020-01-12 13:09:41'),
('SI_0082', 'SN_0001', 'EGG WEIGHT', 26, 59.5, 'AKTIF', '2020-01-12 13:10:11', '2020-01-12 13:10:11'),
('SI_0083', 'SN_0001', 'EGG WEIGHT', 27, 60.2, 'AKTIF', '2020-01-12 13:11:15', '2020-01-12 13:11:15'),
('SI_0084', 'SN_0001', 'EGG WEIGHT', 28, 60.8, 'AKTIF', '2020-01-12 13:11:31', '2020-01-12 13:11:31'),
('SI_0085', 'SN_0001', 'EGG WEIGHT', 29, 61.2, 'AKTIF', '2020-01-12 13:11:56', '2020-01-12 13:11:56'),
('SI_0086', 'SN_0001', 'EGG WEIGHT', 30, 61.6, 'AKTIF', '2020-01-12 13:12:12', '2020-01-12 13:12:12'),
('SI_0087', 'SN_0001', 'EGG WEIGHT', 31, 61.9, 'AKTIF', '2020-01-12 13:12:35', '2020-01-12 13:12:35'),
('SI_0088', 'SN_0001', 'EGG WEIGHT', 32, 62.1, 'AKTIF', '2020-01-12 13:12:55', '2020-01-12 13:12:55'),
('SI_0089', 'SN_0001', 'EGG WEIGHT', 33, 62.3, 'AKTIF', '2020-01-12 13:13:29', '2020-01-12 13:13:29'),
('SI_0090', 'SN_0001', 'EGG WEIGHT', 34, 62.5, 'AKTIF', '2020-01-12 13:13:41', '2020-01-12 13:13:41'),
('SI_0091', 'SN_0001', 'EGG WEIGHT', 35, 62.7, 'AKTIF', '2020-01-12 13:13:53', '2020-01-12 13:13:53'),
('SI_0092', 'SN_0001', 'EGG WEIGHT', 36, 62.9, 'AKTIF', '2020-01-12 13:14:14', '2020-01-12 13:14:14'),
('SI_0093', 'SN_0001', 'EGG WEIGHT', 37, 63.1, 'AKTIF', '2020-01-12 13:14:36', '2020-01-12 13:14:36'),
('SI_0094', 'SN_0001', 'EGG WEIGHT', 38, 63.2, 'AKTIF', '2020-01-12 13:14:49', '2020-01-12 13:14:49'),
('SI_0095', 'SN_0001', 'EGG WEIGHT', 39, 63.3, 'AKTIF', '2020-01-12 13:15:03', '2020-01-12 13:15:03'),
('SI_0096', 'SN_0001', 'EGG WEIGHT', 40, 63.4, 'AKTIF', '2020-01-12 13:15:34', '2020-01-12 13:15:34'),
('SI_0097', 'SN_0001', 'EGG WEIGHT', 41, 63.4, 'AKTIF', '2020-01-12 13:15:44', '2020-01-12 13:15:44'),
('SI_0098', 'SN_0001', 'EGG WEIGHT', 42, 63.5, 'AKTIF', '2020-01-12 13:15:56', '2020-01-12 13:15:56'),
('SI_0099', 'SN_0001', 'EGG WEIGHT', 43, 63.5, 'AKTIF', '2020-01-12 13:16:14', '2020-01-12 13:16:14'),
('SI_0100', 'SN_0001', 'EGG WEIGHT', 44, 63.5, 'AKTIF', '2020-01-12 13:16:46', '2020-01-12 13:16:46'),
('SI_0101', 'SN_0001', 'EGG WEIGHT', 45, 63.5, 'AKTIF', '2020-01-12 13:17:01', '2020-01-12 13:17:01'),
('SI_0102', 'SN_0001', 'EGG WEIGHT', 46, 63.6, 'AKTIF', '2020-01-12 13:17:23', '2020-01-12 13:17:23'),
('SI_0103', 'SN_0001', 'EGG WEIGHT', 47, 63.6, 'AKTIF', '2020-01-12 13:17:34', '2020-01-12 13:17:34'),
('SI_0104', 'SN_0001', 'EGG WEIGHT', 48, 63.6, 'AKTIF', '2020-01-12 13:17:46', '2020-01-12 13:17:46'),
('SI_0105', 'SN_0001', 'EGG WEIGHT', 49, 63.6, 'AKTIF', '2020-01-12 13:18:09', '2020-01-12 13:18:09'),
('SI_0106', 'SN_0001', 'EGG WEIGHT', 50, 63.7, 'AKTIF', '2020-01-12 13:18:22', '2020-01-12 13:18:22'),
('SI_0107', 'SN_0001', 'EGG WEIGHT', 51, 63.7, 'AKTIF', '2020-01-12 13:18:36', '2020-01-12 13:18:36'),
('SI_0108', 'SN_0001', 'EGG WEIGHT', 52, 63.7, 'AKTIF', '2020-01-12 13:18:52', '2020-01-12 13:18:52'),
('SI_0109', 'SN_0001', 'EGG WEIGHT', 53, 63.7, 'AKTIF', '2020-01-12 13:19:07', '2020-01-12 13:19:07'),
('SI_0110', 'SN_0001', 'EGG WEIGHT', 54, 63.8, 'AKTIF', '2020-01-12 13:19:20', '2020-01-12 13:19:20'),
('SI_0111', 'SN_0001', 'EGG WEIGHT', 55, 63.8, 'AKTIF', '2020-01-12 13:25:33', '2020-01-12 13:25:33'),
('SI_0112', 'SN_0001', 'EGG WEIGHT', 56, 63.8, 'AKTIF', '2020-01-12 13:25:49', '2020-01-12 13:25:49'),
('SI_0113', 'SN_0001', 'EGG WEIGHT', 57, 63.8, 'AKTIF', '2020-01-12 13:26:25', '2020-01-12 13:26:25'),
('SI_0114', 'SN_0001', 'EGG WEIGHT', 58, 63.9, 'AKTIF', '2020-01-12 13:26:44', '2020-01-12 13:26:44'),
('SI_0115', 'SN_0001', 'EGG WEIGHT', 59, 63.9, 'AKTIF', '2020-01-12 13:27:18', '2020-01-12 13:27:18'),
('SI_0116', 'SN_0001', 'EGG WEIGHT', 60, 63.9, 'AKTIF', '2020-01-12 13:27:35', '2020-01-12 13:27:35'),
('SI_0117', 'SN_0001', 'EGG WEIGHT', 61, 63.9, 'AKTIF', '2020-01-12 13:27:51', '2020-01-12 13:27:51'),
('SI_0118', 'SN_0001', 'EGG WEIGHT', 62, 64, 'AKTIF', '2020-01-12 13:29:21', '2020-01-12 13:29:21'),
('SI_0119', 'SN_0001', 'EGG WEIGHT', 63, 64, 'AKTIF', '2020-01-12 13:29:36', '2020-01-12 13:29:36'),
('SI_0120', 'SN_0001', 'EGG WEIGHT', 64, 64, 'AKTIF', '2020-01-12 13:29:52', '2020-01-12 13:29:52'),
('SI_0121', 'SN_0001', 'EGG WEIGHT', 65, 64, 'AKTIF', '2020-01-12 13:30:05', '2020-01-12 13:30:05'),
('SI_0122', 'SN_0001', 'EGG WEIGHT', 66, 64.1, 'AKTIF', '2020-01-12 13:30:25', '2020-01-12 13:30:25'),
('SI_0123', 'SN_0001', 'EGG WEIGHT', 67, 64.1, 'AKTIF', '2020-01-12 13:30:43', '2020-01-12 13:30:43'),
('SI_0124', 'SN_0001', 'EGG WEIGHT', 68, 64.1, 'AKTIF', '2020-01-12 13:31:00', '2020-01-12 13:31:00'),
('SI_0125', 'SN_0001', 'EGG WEIGHT', 69, 64.1, 'AKTIF', '2020-01-12 13:31:29', '2020-01-12 13:31:29'),
('SI_0126', 'SN_0001', 'EGG WEIGHT', 70, 64.2, 'AKTIF', '2020-01-12 13:31:42', '2020-01-12 13:31:42'),
('SI_0127', 'SN_0001', 'EGG WEIGHT', 71, 64.2, 'AKTIF', '2020-01-12 13:32:00', '2020-01-12 13:32:00'),
('SI_0128', 'SN_0001', 'EGG WEIGHT', 72, 64.2, 'AKTIF', '2020-01-12 13:33:41', '2020-01-12 13:33:41'),
('SI_0129', 'SN_0001', 'EGG WEIGHT', 73, 64.2, 'AKTIF', '2020-01-12 13:37:01', '2020-01-12 13:37:01'),
('SI_0130', 'SN_0001', 'EGG WEIGHT', 74, 64.3, 'AKTIF', '2020-01-12 13:37:25', '2020-01-12 13:37:25'),
('SI_0131', 'SN_0001', 'EGG WEIGHT', 75, 64.3, 'AKTIF', '2020-01-12 13:37:37', '2020-01-12 13:37:37'),
('SI_0132', 'SN_0001', 'EGG WEIGHT', 76, 64.3, 'AKTIF', '2020-01-12 13:38:08', '2020-01-12 13:38:08'),
('SI_0133', 'SN_0001', 'EGG WEIGHT', 77, 64.3, 'AKTIF', '2020-01-12 13:38:23', '2020-01-12 13:38:23'),
('SI_0134', 'SN_0001', 'EGG WEIGHT', 78, 64.4, 'AKTIF', '2020-01-12 13:38:36', '2020-01-12 13:38:36'),
('SI_0135', 'SN_0001', 'EGG WEIGHT', 79, 64.4, 'AKTIF', '2020-01-12 13:38:51', '2020-01-12 13:38:51'),
('SI_0136', 'SN_0001', 'EGG WEIGHT', 80, 64.4, 'AKTIF', '2020-01-12 13:39:05', '2020-01-12 13:39:05'),
('SI_0137', 'SN_0001', 'EGG WEIGHT', 81, 64.4, 'AKTIF', '2020-01-12 13:39:18', '2020-01-12 13:39:18'),
('SI_0138', 'SN_0001', 'EGG WEIGHT', 82, 64.5, 'AKTIF', '2020-01-12 13:39:32', '2020-01-12 13:39:32'),
('SI_0139', 'SN_0001', 'EGG WEIGHT', 83, 64.5, 'AKTIF', '2020-01-12 13:39:47', '2020-01-12 13:39:47'),
('SI_0140', 'SN_0001', 'EGG WEIGHT', 84, 64.5, 'AKTIF', '2020-01-12 13:40:14', '2020-01-12 13:40:14'),
('SI_0141', 'SN_0001', 'EGG WEIGHT', 85, 64.5, 'AKTIF', '2020-01-12 13:40:41', '2020-01-12 13:40:41'),
('SI_0142', 'SN_0001', 'EGG WEIGHT', 86, 64.6, 'AKTIF', '2020-01-12 13:41:00', '2020-01-12 13:41:00'),
('SI_0143', 'SN_0001', 'EGG WEIGHT', 87, 64.6, 'AKTIF', '2020-01-12 13:41:13', '2020-01-12 13:41:13'),
('SI_0144', 'SN_0001', 'EGG WEIGHT', 88, 64.6, 'AKTIF', '2020-01-12 13:41:29', '2020-01-12 13:41:29'),
('SI_0145', 'SN_0001', 'EGG WEIGHT', 89, 64.6, 'AKTIF', '2020-01-12 13:41:39', '2020-01-12 13:41:39'),
('SI_0146', 'SN_0001', 'EGG WEIGHT', 90, 64.7, 'AKTIF', '2020-01-12 13:41:51', '2020-01-12 13:41:51'),
('SI_0147', 'SN_0001', 'FEED INTAKE', 18, 84, 'AKTIF', '2020-01-12 13:05:33', '2020-01-12 13:05:33'),
('SI_0148', 'SN_0001', 'FEED INTAKE', 19, 89, 'AKTIF', '2020-01-12 13:06:04', '2020-01-12 13:06:04'),
('SI_0149', 'SN_0001', 'FEED INTAKE', 20, 97, 'AKTIF', '2020-01-12 13:06:24', '2020-01-12 13:06:24'),
('SI_0150', 'SN_0001', 'FEED INTAKE', 21, 104, 'AKTIF', '2020-01-12 13:08:22', '2020-01-12 13:08:22'),
('SI_0151', 'SN_0001', 'FEED INTAKE', 22, 110, 'AKTIF', '2020-01-12 13:08:37', '2020-01-12 13:08:37'),
('SI_0152', 'SN_0001', 'FEED INTAKE', 23, 112, 'AKTIF', '2020-01-12 13:08:50', '2020-01-12 13:08:50'),
('SI_0153', 'SN_0001', 'FEED INTAKE', 24, 112, 'AKTIF', '2020-01-12 13:09:20', '2020-01-12 13:09:20'),
('SI_0154', 'SN_0001', 'FEED INTAKE', 25, 112, 'AKTIF', '2020-01-12 13:09:41', '2020-01-12 13:09:41'),
('SI_0155', 'SN_0001', 'FEED INTAKE', 26, 112, 'AKTIF', '2020-01-12 13:10:11', '2020-01-12 13:10:11'),
('SI_0156', 'SN_0001', 'FEED INTAKE', 27, 112, 'AKTIF', '2020-01-12 13:11:15', '2020-01-12 13:11:15'),
('SI_0157', 'SN_0001', 'FEED INTAKE', 28, 112, 'AKTIF', '2020-01-12 13:11:31', '2020-01-12 13:11:31'),
('SI_0158', 'SN_0001', 'FEED INTAKE', 29, 112, 'AKTIF', '2020-01-12 13:11:56', '2020-01-12 13:11:56'),
('SI_0159', 'SN_0001', 'FEED INTAKE', 30, 112, 'AKTIF', '2020-01-12 13:12:12', '2020-01-12 13:12:12'),
('SI_0160', 'SN_0001', 'FEED INTAKE', 31, 112, 'AKTIF', '2020-01-12 13:12:35', '2020-01-12 13:12:35'),
('SI_0161', 'SN_0001', 'FEED INTAKE', 32, 112, 'AKTIF', '2020-01-12 13:12:55', '2020-01-12 13:12:55'),
('SI_0162', 'SN_0001', 'FEED INTAKE', 33, 112, 'AKTIF', '2020-01-12 13:13:29', '2020-01-12 13:13:29'),
('SI_0163', 'SN_0001', 'FEED INTAKE', 34, 112, 'AKTIF', '2020-01-12 13:13:41', '2020-01-12 13:13:41'),
('SI_0164', 'SN_0001', 'FEED INTAKE', 35, 112, 'AKTIF', '2020-01-12 13:13:53', '2020-01-12 13:13:53'),
('SI_0165', 'SN_0001', 'FEED INTAKE', 36, 112, 'AKTIF', '2020-01-12 13:14:14', '2020-01-12 13:14:14'),
('SI_0166', 'SN_0001', 'FEED INTAKE', 37, 112, 'AKTIF', '2020-01-12 13:14:36', '2020-01-12 13:14:36'),
('SI_0167', 'SN_0001', 'FEED INTAKE', 38, 113, 'AKTIF', '2020-01-12 13:14:49', '2020-01-12 13:14:49'),
('SI_0168', 'SN_0001', 'FEED INTAKE', 39, 113, 'AKTIF', '2020-01-12 13:15:03', '2020-01-12 13:15:03'),
('SI_0169', 'SN_0001', 'FEED INTAKE', 40, 113, 'AKTIF', '2020-01-12 13:15:34', '2020-01-12 13:15:34'),
('SI_0170', 'SN_0001', 'FEED INTAKE', 41, 113, 'AKTIF', '2020-01-12 13:15:44', '2020-01-12 13:15:44'),
('SI_0171', 'SN_0001', 'FEED INTAKE', 42, 113, 'AKTIF', '2020-01-12 13:15:56', '2020-01-12 13:15:56'),
('SI_0172', 'SN_0001', 'FEED INTAKE', 43, 113, 'AKTIF', '2020-01-12 13:16:14', '2020-01-12 13:16:14'),
('SI_0173', 'SN_0001', 'FEED INTAKE', 44, 113, 'AKTIF', '2020-01-12 13:16:46', '2020-01-12 13:16:46'),
('SI_0174', 'SN_0001', 'FEED INTAKE', 45, 113, 'AKTIF', '2020-01-12 13:17:01', '2020-01-12 13:17:01'),
('SI_0175', 'SN_0001', 'FEED INTAKE', 46, 113, 'AKTIF', '2020-01-12 13:17:23', '2020-01-12 13:17:23'),
('SI_0176', 'SN_0001', 'FEED INTAKE', 47, 113, 'AKTIF', '2020-01-12 13:17:34', '2020-01-12 13:17:34'),
('SI_0177', 'SN_0001', 'FEED INTAKE', 48, 113, 'AKTIF', '2020-01-12 13:17:46', '2020-01-12 13:17:46'),
('SI_0178', 'SN_0001', 'FEED INTAKE', 49, 113, 'AKTIF', '2020-01-12 13:18:09', '2020-01-12 13:18:09'),
('SI_0179', 'SN_0001', 'FEED INTAKE', 50, 113, 'AKTIF', '2020-01-12 13:18:22', '2020-01-12 13:18:22'),
('SI_0180', 'SN_0001', 'FEED INTAKE', 51, 113, 'AKTIF', '2020-01-12 13:18:36', '2020-01-12 13:18:36'),
('SI_0181', 'SN_0001', 'FEED INTAKE', 52, 113, 'AKTIF', '2020-01-12 13:18:52', '2020-01-12 13:18:52'),
('SI_0182', 'SN_0001', 'FEED INTAKE', 53, 113, 'AKTIF', '2020-01-12 13:19:07', '2020-01-12 13:19:07'),
('SI_0183', 'SN_0001', 'FEED INTAKE', 54, 113, 'AKTIF', '2020-01-12 13:19:20', '2020-01-12 13:19:20'),
('SI_0184', 'SN_0001', 'FEED INTAKE', 55, 113, 'AKTIF', '2020-01-12 13:25:33', '2020-01-12 13:25:33'),
('SI_0185', 'SN_0001', 'FEED INTAKE', 56, 113, 'AKTIF', '2020-01-12 13:25:49', '2020-01-12 13:25:49'),
('SI_0186', 'SN_0001', 'FEED INTAKE', 57, 113, 'AKTIF', '2020-01-12 13:26:25', '2020-01-12 13:26:25'),
('SI_0187', 'SN_0001', 'FEED INTAKE', 58, 113, 'AKTIF', '2020-01-12 13:26:44', '2020-01-12 13:26:44'),
('SI_0188', 'SN_0001', 'FEED INTAKE', 59, 113, 'AKTIF', '2020-01-12 13:27:18', '2020-01-12 13:27:18'),
('SI_0189', 'SN_0001', 'FEED INTAKE', 60, 113, 'AKTIF', '2020-01-12 13:27:35', '2020-01-12 13:27:35'),
('SI_0190', 'SN_0001', 'FEED INTAKE', 61, 113, 'AKTIF', '2020-01-12 13:27:51', '2020-01-12 13:27:51'),
('SI_0191', 'SN_0001', 'FEED INTAKE', 62, 113, 'AKTIF', '2020-01-12 13:29:21', '2020-01-12 13:29:21'),
('SI_0192', 'SN_0001', 'FEED INTAKE', 63, 113, 'AKTIF', '2020-01-12 13:29:36', '2020-01-12 13:29:36'),
('SI_0193', 'SN_0001', 'FEED INTAKE', 64, 113, 'AKTIF', '2020-01-12 13:29:52', '2020-01-12 13:29:52'),
('SI_0194', 'SN_0001', 'FEED INTAKE', 65, 113, 'AKTIF', '2020-01-12 13:30:05', '2020-01-12 13:30:05'),
('SI_0195', 'SN_0001', 'FEED INTAKE', 66, 113, 'AKTIF', '2020-01-12 13:30:25', '2020-01-12 13:30:25'),
('SI_0196', 'SN_0001', 'FEED INTAKE', 67, 113, 'AKTIF', '2020-01-12 13:30:43', '2020-01-12 13:30:43'),
('SI_0197', 'SN_0001', 'FEED INTAKE', 68, 113, 'AKTIF', '2020-01-12 13:31:00', '2020-01-12 13:31:00'),
('SI_0198', 'SN_0001', 'FEED INTAKE', 69, 113, 'AKTIF', '2020-01-12 13:31:29', '2020-01-12 13:31:29'),
('SI_0199', 'SN_0001', 'FEED INTAKE', 70, 113, 'AKTIF', '2020-01-12 13:31:42', '2020-01-12 13:31:42'),
('SI_0200', 'SN_0001', 'FEED INTAKE', 71, 113, 'AKTIF', '2020-01-12 13:32:00', '2020-01-12 13:32:00'),
('SI_0201', 'SN_0001', 'FEED INTAKE', 72, 113, 'AKTIF', '2020-01-12 13:33:41', '2020-01-12 13:33:41'),
('SI_0202', 'SN_0001', 'FEED INTAKE', 73, 113, 'AKTIF', '2020-01-12 13:37:01', '2020-01-12 13:37:01'),
('SI_0203', 'SN_0001', 'FEED INTAKE', 74, 113, 'AKTIF', '2020-01-12 13:37:25', '2020-01-12 13:37:25'),
('SI_0204', 'SN_0001', 'FEED INTAKE', 75, 113, 'AKTIF', '2020-01-12 13:37:37', '2020-01-12 13:37:37'),
('SI_0205', 'SN_0001', 'FEED INTAKE', 76, 113, 'AKTIF', '2020-01-12 13:38:08', '2020-01-12 13:38:08'),
('SI_0206', 'SN_0001', 'FEED INTAKE', 77, 113, 'AKTIF', '2020-01-12 13:38:23', '2020-01-12 13:38:23'),
('SI_0207', 'SN_0001', 'FEED INTAKE', 78, 113, 'AKTIF', '2020-01-12 13:38:36', '2020-01-12 13:38:36'),
('SI_0208', 'SN_0001', 'FEED INTAKE', 79, 113, 'AKTIF', '2020-01-12 13:38:51', '2020-01-12 13:38:51'),
('SI_0209', 'SN_0001', 'FEED INTAKE', 80, 114, 'AKTIF', '2020-01-12 13:39:05', '2020-01-12 13:39:05'),
('SI_0210', 'SN_0001', 'FEED INTAKE', 81, 114, 'AKTIF', '2020-01-12 13:39:18', '2020-01-12 13:39:18'),
('SI_0211', 'SN_0001', 'FEED INTAKE', 82, 114, 'AKTIF', '2020-01-12 13:39:32', '2020-01-12 13:39:32'),
('SI_0212', 'SN_0001', 'FEED INTAKE', 83, 114, 'AKTIF', '2020-01-12 13:39:47', '2020-01-12 13:39:47'),
('SI_0213', 'SN_0001', 'FEED INTAKE', 84, 114, 'AKTIF', '2020-01-12 13:40:14', '2020-01-12 13:40:14'),
('SI_0214', 'SN_0001', 'FEED INTAKE', 85, 114, 'AKTIF', '2020-01-12 13:40:41', '2020-01-12 13:40:41'),
('SI_0215', 'SN_0001', 'FEED INTAKE', 86, 114, 'AKTIF', '2020-01-12 13:41:00', '2020-01-12 13:41:00'),
('SI_0216', 'SN_0001', 'FEED INTAKE', 87, 114, 'AKTIF', '2020-01-12 13:41:13', '2020-01-12 13:41:13'),
('SI_0217', 'SN_0001', 'FEED INTAKE', 88, 114, 'AKTIF', '2020-01-12 13:41:29', '2020-01-12 13:41:29'),
('SI_0218', 'SN_0001', 'FEED INTAKE', 89, 114, 'AKTIF', '2020-01-12 13:41:39', '2020-01-12 13:41:39'),
('SI_0219', 'SN_0001', 'FEED INTAKE', 90, 114, 'AKTIF', '2020-01-12 13:41:51', '2020-01-12 13:41:51'),
('SI_0220', 'SN_0001', 'LIVABILITY', 18, 99.9, 'AKTIF', '2020-01-12 13:05:33', '2020-01-12 13:05:33'),
('SI_0221', 'SN_0001', 'LIVABILITY', 19, 99.8, 'AKTIF', '2020-01-12 13:06:04', '2020-01-12 13:06:04'),
('SI_0222', 'SN_0001', 'LIVABILITY', 20, 99.8, 'AKTIF', '2020-01-12 13:06:24', '2020-01-12 13:06:24'),
('SI_0223', 'SN_0001', 'LIVABILITY', 21, 99.7, 'AKTIF', '2020-01-12 13:08:22', '2020-01-12 13:08:22'),
('SI_0224', 'SN_0001', 'LIVABILITY', 22, 99.6, 'AKTIF', '2020-01-12 13:08:37', '2020-01-12 13:08:37'),
('SI_0225', 'SN_0001', 'LIVABILITY', 23, 99.5, 'AKTIF', '2020-01-12 13:08:50', '2020-01-12 13:08:50'),
('SI_0226', 'SN_0001', 'LIVABILITY', 24, 99.4, 'AKTIF', '2020-01-12 13:09:20', '2020-01-12 13:09:20'),
('SI_0227', 'SN_0001', 'LIVABILITY', 25, 99.3, 'AKTIF', '2020-01-12 13:09:41', '2020-01-12 13:09:41'),
('SI_0228', 'SN_0001', 'LIVABILITY', 26, 99.3, 'AKTIF', '2020-01-12 13:10:11', '2020-01-12 13:10:11'),
('SI_0229', 'SN_0001', 'LIVABILITY', 27, 99.2, 'AKTIF', '2020-01-12 13:11:15', '2020-01-12 13:11:15'),
('SI_0230', 'SN_0001', 'LIVABILITY', 28, 99.1, 'AKTIF', '2020-01-12 13:11:31', '2020-01-12 13:11:31'),
('SI_0231', 'SN_0001', 'LIVABILITY', 29, 99, 'AKTIF', '2020-01-12 13:11:56', '2020-01-12 13:11:56'),
('SI_0232', 'SN_0001', 'LIVABILITY', 30, 98.9, 'AKTIF', '2020-01-12 13:12:12', '2020-01-12 13:12:12'),
('SI_0233', 'SN_0001', 'LIVABILITY', 31, 98.9, 'AKTIF', '2020-01-12 13:12:35', '2020-01-12 13:12:35'),
('SI_0234', 'SN_0001', 'LIVABILITY', 32, 98.8, 'AKTIF', '2020-01-12 13:12:55', '2020-01-12 13:12:55'),
('SI_0235', 'SN_0001', 'LIVABILITY', 33, 98.7, 'AKTIF', '2020-01-12 13:13:29', '2020-01-12 13:13:29'),
('SI_0236', 'SN_0001', 'LIVABILITY', 34, 98.6, 'AKTIF', '2020-01-12 13:13:41', '2020-01-12 13:13:41'),
('SI_0237', 'SN_0001', 'LIVABILITY', 35, 98.5, 'AKTIF', '2020-01-12 13:13:53', '2020-01-12 13:13:53'),
('SI_0238', 'SN_0001', 'LIVABILITY', 36, 98.4, 'AKTIF', '2020-01-12 13:14:14', '2020-01-12 13:14:14'),
('SI_0239', 'SN_0001', 'LIVABILITY', 37, 98.4, 'AKTIF', '2020-01-12 13:14:36', '2020-01-12 13:14:36'),
('SI_0240', 'SN_0001', 'LIVABILITY', 38, 98.3, 'AKTIF', '2020-01-12 13:14:49', '2020-01-12 13:14:49'),
('SI_0241', 'SN_0001', 'LIVABILITY', 39, 98.2, 'AKTIF', '2020-01-12 13:15:03', '2020-01-12 13:15:03'),
('SI_0242', 'SN_0001', 'LIVABILITY', 40, 98.1, 'AKTIF', '2020-01-12 13:15:34', '2020-01-12 13:15:34'),
('SI_0243', 'SN_0001', 'LIVABILITY', 41, 98, 'AKTIF', '2020-01-12 13:15:44', '2020-01-12 13:15:44'),
('SI_0244', 'SN_0001', 'LIVABILITY', 42, 98, 'AKTIF', '2020-01-12 13:15:56', '2020-01-12 13:15:56'),
('SI_0245', 'SN_0001', 'LIVABILITY', 43, 97.9, 'AKTIF', '2020-01-12 13:16:14', '2020-01-12 13:16:14'),
('SI_0246', 'SN_0001', 'LIVABILITY', 44, 97.8, 'AKTIF', '2020-01-12 13:16:46', '2020-01-12 13:16:46'),
('SI_0247', 'SN_0001', 'LIVABILITY', 45, 97.7, 'AKTIF', '2020-01-12 13:17:01', '2020-01-12 13:17:01'),
('SI_0248', 'SN_0001', 'LIVABILITY', 46, 97.6, 'AKTIF', '2020-01-12 13:17:23', '2020-01-12 13:17:23'),
('SI_0249', 'SN_0001', 'LIVABILITY', 47, 97.5, 'AKTIF', '2020-01-12 13:17:34', '2020-01-12 13:17:34'),
('SI_0250', 'SN_0001', 'LIVABILITY', 48, 97.5, 'AKTIF', '2020-01-12 13:17:46', '2020-01-12 13:17:46'),
('SI_0251', 'SN_0001', 'LIVABILITY', 49, 97.4, 'AKTIF', '2020-01-12 13:18:09', '2020-01-12 13:18:09'),
('SI_0252', 'SN_0001', 'LIVABILITY', 50, 97.3, 'AKTIF', '2020-01-12 13:18:22', '2020-01-12 13:18:22'),
('SI_0253', 'SN_0001', 'LIVABILITY', 51, 97.2, 'AKTIF', '2020-01-12 13:18:36', '2020-01-12 13:18:36'),
('SI_0254', 'SN_0001', 'LIVABILITY', 52, 97.1, 'AKTIF', '2020-01-12 13:18:52', '2020-01-12 13:18:52'),
('SI_0255', 'SN_0001', 'LIVABILITY', 53, 97, 'AKTIF', '2020-01-12 13:19:07', '2020-01-12 13:19:07'),
('SI_0256', 'SN_0001', 'LIVABILITY', 54, 97, 'AKTIF', '2020-01-12 13:19:20', '2020-01-12 13:19:20'),
('SI_0257', 'SN_0001', 'LIVABILITY', 55, 96.9, 'AKTIF', '2020-01-12 13:25:33', '2020-01-12 13:25:33'),
('SI_0258', 'SN_0001', 'LIVABILITY', 56, 96.8, 'AKTIF', '2020-01-12 13:25:49', '2020-01-12 13:25:49'),
('SI_0259', 'SN_0001', 'LIVABILITY', 57, 96.7, 'AKTIF', '2020-01-12 13:26:25', '2020-01-12 13:26:25'),
('SI_0260', 'SN_0001', 'LIVABILITY', 58, 96.6, 'AKTIF', '2020-01-12 13:26:44', '2020-01-12 13:26:44'),
('SI_0261', 'SN_0001', 'LIVABILITY', 59, 96.6, 'AKTIF', '2020-01-12 13:27:18', '2020-01-12 13:27:18'),
('SI_0262', 'SN_0001', 'LIVABILITY', 60, 96.5, 'AKTIF', '2020-01-12 13:27:35', '2020-01-12 13:27:35'),
('SI_0263', 'SN_0001', 'LIVABILITY', 61, 96.4, 'AKTIF', '2020-01-12 13:27:51', '2020-01-12 13:27:51'),
('SI_0264', 'SN_0001', 'LIVABILITY', 62, 96.3, 'AKTIF', '2020-01-12 13:29:21', '2020-01-12 13:29:21'),
('SI_0265', 'SN_0001', 'LIVABILITY', 63, 96.2, 'AKTIF', '2020-01-12 13:29:36', '2020-01-12 13:29:36'),
('SI_0266', 'SN_0001', 'LIVABILITY', 64, 96.1, 'AKTIF', '2020-01-12 13:29:52', '2020-01-12 13:29:52'),
('SI_0267', 'SN_0001', 'LIVABILITY', 65, 96.1, 'AKTIF', '2020-01-12 13:30:05', '2020-01-12 13:30:05'),
('SI_0268', 'SN_0001', 'LIVABILITY', 66, 96, 'AKTIF', '2020-01-12 13:30:25', '2020-01-12 13:30:25'),
('SI_0269', 'SN_0001', 'LIVABILITY', 67, 95.9, 'AKTIF', '2020-01-12 13:30:43', '2020-01-12 13:30:43'),
('SI_0270', 'SN_0001', 'LIVABILITY', 68, 95.8, 'AKTIF', '2020-01-12 13:31:00', '2020-01-12 13:31:00'),
('SI_0271', 'SN_0001', 'LIVABILITY', 69, 95.7, 'AKTIF', '2020-01-12 13:31:29', '2020-01-12 13:31:29'),
('SI_0272', 'SN_0001', 'LIVABILITY', 70, 95.7, 'AKTIF', '2020-01-12 13:31:42', '2020-01-12 13:31:42'),
('SI_0273', 'SN_0001', 'LIVABILITY', 71, 95.6, 'AKTIF', '2020-01-12 13:32:00', '2020-01-12 13:32:00'),
('SI_0274', 'SN_0001', 'LIVABILITY', 72, 95.5, 'AKTIF', '2020-01-12 13:33:41', '2020-01-12 13:33:41'),
('SI_0275', 'SN_0001', 'LIVABILITY', 73, 95.4, 'AKTIF', '2020-01-12 13:37:01', '2020-01-12 13:37:01'),
('SI_0276', 'SN_0001', 'LIVABILITY', 74, 95.3, 'AKTIF', '2020-01-12 13:37:25', '2020-01-12 13:37:25'),
('SI_0277', 'SN_0001', 'LIVABILITY', 75, 95.2, 'AKTIF', '2020-01-12 13:37:37', '2020-01-12 13:37:37'),
('SI_0278', 'SN_0001', 'LIVABILITY', 76, 95.2, 'AKTIF', '2020-01-12 13:38:08', '2020-01-12 13:38:08'),
('SI_0279', 'SN_0001', 'LIVABILITY', 77, 95.1, 'AKTIF', '2020-01-12 13:38:23', '2020-01-12 13:38:23'),
('SI_0280', 'SN_0001', 'LIVABILITY', 78, 95, 'AKTIF', '2020-01-12 13:38:36', '2020-01-12 13:38:36'),
('SI_0281', 'SN_0001', 'LIVABILITY', 79, 94.9, 'AKTIF', '2020-01-12 13:38:51', '2020-01-12 13:38:51'),
('SI_0282', 'SN_0001', 'LIVABILITY', 80, 94.8, 'AKTIF', '2020-01-12 13:39:05', '2020-01-12 13:39:05'),
('SI_0283', 'SN_0001', 'LIVABILITY', 81, 94.8, 'AKTIF', '2020-01-12 13:39:18', '2020-01-12 13:39:18'),
('SI_0284', 'SN_0001', 'LIVABILITY', 82, 94.7, 'AKTIF', '2020-01-12 13:39:32', '2020-01-12 13:39:32'),
('SI_0285', 'SN_0001', 'LIVABILITY', 83, 94.6, 'AKTIF', '2020-01-12 13:39:47', '2020-01-12 13:39:47'),
('SI_0286', 'SN_0001', 'LIVABILITY', 84, 94.5, 'AKTIF', '2020-01-12 13:40:14', '2020-01-12 13:40:14'),
('SI_0287', 'SN_0001', 'LIVABILITY', 85, 94.4, 'AKTIF', '2020-01-12 13:40:41', '2020-01-12 13:40:41'),
('SI_0288', 'SN_0001', 'LIVABILITY', 86, 94.3, 'AKTIF', '2020-01-12 13:41:00', '2020-01-12 13:41:00'),
('SI_0289', 'SN_0001', 'LIVABILITY', 87, 94.3, 'AKTIF', '2020-01-12 13:41:13', '2020-01-12 13:41:13'),
('SI_0290', 'SN_0001', 'LIVABILITY', 88, 94.2, 'AKTIF', '2020-01-12 13:41:29', '2020-01-12 13:41:29'),
('SI_0291', 'SN_0001', 'LIVABILITY', 89, 94.1, 'AKTIF', '2020-01-12 13:41:39', '2020-01-12 13:41:39'),
('SI_0292', 'SN_0001', 'LIVABILITY', 90, 94, 'AKTIF', '2020-01-12 13:41:51', '2020-01-12 13:41:51'),
('SI_0293', 'SN_0001', 'EGG MASS', 18, 0, 'AKTIF', '2020-01-12 13:05:33', '2020-01-12 13:05:33'),
('SI_0294', 'SN_0001', 'EGG MASS', 19, 0.1, 'AKTIF', '2020-01-12 13:06:04', '2020-01-12 13:06:04'),
('SI_0295', 'SN_0001', 'EGG MASS', 20, 0.2, 'AKTIF', '2020-01-12 13:06:24', '2020-01-12 13:06:24'),
('SI_0296', 'SN_0001', 'EGG MASS', 21, 0.4, 'AKTIF', '2020-01-12 13:08:22', '2020-01-12 13:08:22'),
('SI_0297', 'SN_0001', 'EGG MASS', 22, 0.7, 'AKTIF', '2020-01-12 13:08:37', '2020-01-12 13:08:37'),
('SI_0298', 'SN_0001', 'EGG MASS', 23, 1.1, 'AKTIF', '2020-01-12 13:08:50', '2020-01-12 13:08:50'),
('SI_0299', 'SN_0001', 'EGG MASS', 24, 1.5, 'AKTIF', '2020-01-12 13:09:20', '2020-01-12 13:09:20'),
('SI_0300', 'SN_0001', 'EGG MASS', 25, 1.9, 'AKTIF', '2020-01-12 13:09:41', '2020-01-12 13:09:41'),
('SI_0301', 'SN_0001', 'EGG MASS', 26, 2.3, 'AKTIF', '2020-01-12 13:10:11', '2020-01-12 13:10:11'),
('SI_0302', 'SN_0001', 'EGG MASS', 27, 2.7, 'AKTIF', '2020-01-12 13:11:15', '2020-01-12 13:11:15'),
('SI_0303', 'SN_0001', 'EGG MASS', 28, 3.1, 'AKTIF', '2020-01-12 13:11:31', '2020-01-12 13:11:31'),
('SI_0304', 'SN_0001', 'EGG MASS', 29, 3.5, 'AKTIF', '2020-01-12 13:11:56', '2020-01-12 13:11:56'),
('SI_0305', 'SN_0001', 'EGG MASS', 30, 3.9, 'AKTIF', '2020-01-12 13:12:12', '2020-01-12 13:12:12'),
('SI_0306', 'SN_0001', 'EGG MASS', 31, 4.3, 'AKTIF', '2020-01-12 13:12:35', '2020-01-12 13:12:35'),
('SI_0307', 'SN_0001', 'EGG MASS', 32, 4.7, 'AKTIF', '2020-01-12 13:12:55', '2020-01-12 13:12:55'),
('SI_0308', 'SN_0001', 'EGG MASS', 33, 5.1, 'AKTIF', '2020-01-12 13:13:29', '2020-01-12 13:13:29'),
('SI_0309', 'SN_0001', 'EGG MASS', 34, 5.5, 'AKTIF', '2020-01-12 13:13:41', '2020-01-12 13:13:41'),
('SI_0310', 'SN_0001', 'EGG MASS', 35, 6, 'AKTIF', '2020-01-12 13:13:53', '2020-01-12 13:13:53'),
('SI_0311', 'SN_0001', 'EGG MASS', 36, 6.4, 'AKTIF', '2020-01-12 13:14:14', '2020-01-12 13:14:14'),
('SI_0312', 'SN_0001', 'EGG MASS', 37, 6.8, 'AKTIF', '2020-01-12 13:14:36', '2020-01-12 13:14:36'),
('SI_0313', 'SN_0001', 'EGG MASS', 38, 7.2, 'AKTIF', '2020-01-12 13:14:49', '2020-01-12 13:14:49'),
('SI_0314', 'SN_0001', 'EGG MASS', 39, 7.6, 'AKTIF', '2020-01-12 13:15:03', '2020-01-12 13:15:03'),
('SI_0315', 'SN_0001', 'EGG MASS', 40, 8, 'AKTIF', '2020-01-12 13:15:34', '2020-01-12 13:15:34'),
('SI_0316', 'SN_0001', 'EGG MASS', 41, 8.4, 'AKTIF', '2020-01-12 13:15:44', '2020-01-12 13:15:44'),
('SI_0317', 'SN_0001', 'EGG MASS', 42, 8.8, 'AKTIF', '2020-01-12 13:15:56', '2020-01-12 13:15:56'),
('SI_0318', 'SN_0001', 'EGG MASS', 43, 9.3, 'AKTIF', '2020-01-12 13:16:14', '2020-01-12 13:16:14'),
('SI_0319', 'SN_0001', 'EGG MASS', 44, 9.7, 'AKTIF', '2020-01-12 13:16:46', '2020-01-12 13:16:46'),
('SI_0320', 'SN_0001', 'EGG MASS', 45, 10.1, 'AKTIF', '2020-01-12 13:17:01', '2020-01-12 13:17:01'),
('SI_0321', 'SN_0001', 'EGG MASS', 46, 10.5, 'AKTIF', '2020-01-12 13:17:23', '2020-01-12 13:17:23'),
('SI_0322', 'SN_0001', 'EGG MASS', 47, 10.9, 'AKTIF', '2020-01-12 13:17:34', '2020-01-12 13:17:34'),
('SI_0323', 'SN_0001', 'EGG MASS', 48, 11.3, 'AKTIF', '2020-01-12 13:17:46', '2020-01-12 13:17:46'),
('SI_0324', 'SN_0001', 'EGG MASS', 49, 11.7, 'AKTIF', '2020-01-12 13:18:09', '2020-01-12 13:18:09'),
('SI_0325', 'SN_0001', 'EGG MASS', 50, 12.1, 'AKTIF', '2020-01-12 13:18:22', '2020-01-12 13:18:22'),
('SI_0326', 'SN_0001', 'EGG MASS', 51, 12.5, 'AKTIF', '2020-01-12 13:18:36', '2020-01-12 13:18:36'),
('SI_0327', 'SN_0001', 'EGG MASS', 52, 12.9, 'AKTIF', '2020-01-12 13:18:52', '2020-01-12 13:18:52'),
('SI_0328', 'SN_0001', 'EGG MASS', 53, 13.3, 'AKTIF', '2020-01-12 13:19:07', '2020-01-12 13:19:07'),
('SI_0329', 'SN_0001', 'EGG MASS', 54, 13.7, 'AKTIF', '2020-01-12 13:19:20', '2020-01-12 13:19:20'),
('SI_0330', 'SN_0001', 'EGG MASS', 55, 14, 'AKTIF', '2020-01-12 13:25:33', '2020-01-12 13:25:33'),
('SI_0331', 'SN_0001', 'EGG MASS', 56, 14.4, 'AKTIF', '2020-01-12 13:25:49', '2020-01-12 13:25:49'),
('SI_0332', 'SN_0001', 'EGG MASS', 57, 14.8, 'AKTIF', '2020-01-12 13:26:25', '2020-01-12 13:26:25'),
('SI_0333', 'SN_0001', 'EGG MASS', 58, 15.2, 'AKTIF', '2020-01-12 13:26:44', '2020-01-12 13:26:44'),
('SI_0334', 'SN_0001', 'EGG MASS', 59, 15.6, 'AKTIF', '2020-01-12 13:27:18', '2020-01-12 13:27:18'),
('SI_0335', 'SN_0001', 'EGG MASS', 60, 16, 'AKTIF', '2020-01-12 13:27:35', '2020-01-12 13:27:35'),
('SI_0336', 'SN_0001', 'EGG MASS', 61, 16.3, 'AKTIF', '2020-01-12 13:27:51', '2020-01-12 13:27:51'),
('SI_0337', 'SN_0001', 'EGG MASS', 62, 16.7, 'AKTIF', '2020-01-12 13:29:21', '2020-01-12 13:29:21'),
('SI_0338', 'SN_0001', 'EGG MASS', 63, 17.1, 'AKTIF', '2020-01-12 13:29:36', '2020-01-12 13:29:36'),
('SI_0339', 'SN_0001', 'EGG MASS', 64, 17.5, 'AKTIF', '2020-01-12 13:29:52', '2020-01-12 13:29:52'),
('SI_0340', 'SN_0001', 'EGG MASS', 65, 17.8, 'AKTIF', '2020-01-12 13:30:05', '2020-01-12 13:30:05'),
('SI_0341', 'SN_0001', 'EGG MASS', 66, 18.2, 'AKTIF', '2020-01-12 13:30:25', '2020-01-12 13:30:25'),
('SI_0342', 'SN_0001', 'EGG MASS', 67, 18.6, 'AKTIF', '2020-01-12 13:30:43', '2020-01-12 13:30:43'),
('SI_0343', 'SN_0001', 'EGG MASS', 68, 18.9, 'AKTIF', '2020-01-12 13:31:00', '2020-01-12 13:31:00'),
('SI_0344', 'SN_0001', 'EGG MASS', 69, 19.3, 'AKTIF', '2020-01-12 13:31:29', '2020-01-12 13:31:29'),
('SI_0345', 'SN_0001', 'EGG MASS', 70, 19.6, 'AKTIF', '2020-01-12 13:31:42', '2020-01-12 13:31:42'),
('SI_0346', 'SN_0001', 'EGG MASS', 71, 20, 'AKTIF', '2020-01-12 13:32:00', '2020-01-12 13:32:00'),
('SI_0347', 'SN_0001', 'EGG MASS', 72, 20.4, 'AKTIF', '2020-01-12 13:33:41', '2020-01-12 13:33:41'),
('SI_0348', 'SN_0001', 'EGG MASS', 73, 20.7, 'AKTIF', '2020-01-12 13:37:01', '2020-01-12 13:37:01'),
('SI_0349', 'SN_0001', 'EGG MASS', 74, 21.1, 'AKTIF', '2020-01-12 13:37:25', '2020-01-12 13:37:25'),
('SI_0350', 'SN_0001', 'EGG MASS', 75, 21.4, 'AKTIF', '2020-01-12 13:37:37', '2020-01-12 13:37:37'),
('SI_0351', 'SN_0001', 'EGG MASS', 76, 21.8, 'AKTIF', '2020-01-12 13:38:08', '2020-01-12 13:38:08'),
('SI_0352', 'SN_0001', 'EGG MASS', 77, 22.1, 'AKTIF', '2020-01-12 13:38:23', '2020-01-12 13:38:23'),
('SI_0353', 'SN_0001', 'EGG MASS', 78, 22.4, 'AKTIF', '2020-01-12 13:38:36', '2020-01-12 13:38:36'),
('SI_0354', 'SN_0001', 'EGG MASS', 79, 22.8, 'AKTIF', '2020-01-12 13:38:51', '2020-01-12 13:38:51'),
('SI_0355', 'SN_0001', 'EGG MASS', 80, 23.1, 'AKTIF', '2020-01-12 13:39:05', '2020-01-12 13:39:05'),
('SI_0356', 'SN_0001', 'EGG MASS', 81, 23.4, 'AKTIF', '2020-01-12 13:39:18', '2020-01-12 13:39:18'),
('SI_0357', 'SN_0001', 'EGG MASS', 82, 23.8, 'AKTIF', '2020-01-12 13:39:32', '2020-01-12 13:39:32'),
('SI_0358', 'SN_0001', 'EGG MASS', 83, 24.1, 'AKTIF', '2020-01-12 13:39:47', '2020-01-12 13:39:47'),
('SI_0359', 'SN_0001', 'EGG MASS', 84, 24.4, 'AKTIF', '2020-01-12 13:40:14', '2020-01-12 13:40:14'),
('SI_0360', 'SN_0001', 'EGG MASS', 85, 24.8, 'AKTIF', '2020-01-12 13:40:41', '2020-01-12 13:40:41'),
('SI_0361', 'SN_0001', 'EGG MASS', 86, 25.1, 'AKTIF', '2020-01-12 13:41:00', '2020-01-12 13:41:00'),
('SI_0362', 'SN_0001', 'EGG MASS', 87, 25.4, 'AKTIF', '2020-01-12 13:41:13', '2020-01-12 13:41:13'),
('SI_0363', 'SN_0001', 'EGG MASS', 88, 25.7, 'AKTIF', '2020-01-12 13:41:29', '2020-01-12 13:41:29'),
('SI_0364', 'SN_0001', 'EGG MASS', 89, 26, 'AKTIF', '2020-01-12 13:41:39', '2020-01-12 13:41:39'),
('SI_0365', 'SN_0001', 'EGG MASS', 90, 26.4, 'AKTIF', '2020-01-12 13:41:51', '2020-01-12 13:41:51'),
('SI_0366', 'SN_0001', 'BODY WEIGHT', 18, 1.576, 'AKTIF', '2020-01-12 13:05:33', '2020-01-12 13:05:33'),
('SI_0367', 'SN_0001', 'BODY WEIGHT', 19, 1.63, 'AKTIF', '2020-01-12 13:06:04', '2020-01-12 13:06:04'),
('SI_0368', 'SN_0001', 'BODY WEIGHT', 20, 1.676, 'AKTIF', '2020-01-12 13:06:24', '2020-01-12 13:06:24'),
('SI_0369', 'SN_0001', 'BODY WEIGHT', 21, 1.713, 'AKTIF', '2020-01-12 13:08:22', '2020-01-12 13:08:22'),
('SI_0370', 'SN_0001', 'BODY WEIGHT', 22, 1.75, 'AKTIF', '2020-01-12 13:08:37', '2020-01-12 13:08:37'),
('SI_0371', 'SN_0001', 'BODY WEIGHT', 23, 1.767, 'AKTIF', '2020-01-12 13:08:50', '2020-01-12 13:08:50'),
('SI_0372', 'SN_0001', 'BODY WEIGHT', 24, 1.782, 'AKTIF', '2020-01-12 13:09:20', '2020-01-12 13:09:20'),
('SI_0373', 'SN_0001', 'BODY WEIGHT', 25, 1.796, 'AKTIF', '2020-01-12 13:09:41', '2020-01-12 13:09:41'),
('SI_0374', 'SN_0001', 'BODY WEIGHT', 26, 1.809, 'AKTIF', '2020-01-12 13:10:11', '2020-01-12 13:10:11'),
('SI_0375', 'SN_0001', 'BODY WEIGHT', 27, 1.821, 'AKTIF', '2020-01-12 13:11:15', '2020-01-12 13:11:15'),
('SI_0376', 'SN_0001', 'BODY WEIGHT', 28, 1.831, 'AKTIF', '2020-01-12 13:11:31', '2020-01-12 13:11:31'),
('SI_0377', 'SN_0001', 'BODY WEIGHT', 29, 1.841, 'AKTIF', '2020-01-12 13:11:56', '2020-01-12 13:11:56'),
('SI_0378', 'SN_0001', 'BODY WEIGHT', 30, 1.85, 'AKTIF', '2020-01-12 13:12:12', '2020-01-12 13:12:12'),
('SI_0379', 'SN_0001', 'BODY WEIGHT', 31, 1.858, 'AKTIF', '2020-01-12 13:12:35', '2020-01-12 13:12:35'),
('SI_0380', 'SN_0001', 'BODY WEIGHT', 32, 1.866, 'AKTIF', '2020-01-12 13:12:55', '2020-01-12 13:12:55'),
('SI_0381', 'SN_0001', 'BODY WEIGHT', 33, 1.873, 'AKTIF', '2020-01-12 13:13:29', '2020-01-12 13:13:29'),
('SI_0382', 'SN_0001', 'BODY WEIGHT', 34, 1.879, 'AKTIF', '2020-01-12 13:13:41', '2020-01-12 13:13:41'),
('SI_0383', 'SN_0001', 'BODY WEIGHT', 35, 1.885, 'AKTIF', '2020-01-12 13:13:53', '2020-01-12 13:13:53'),
('SI_0384', 'SN_0001', 'BODY WEIGHT', 36, 1.891, 'AKTIF', '2020-01-12 13:14:14', '2020-01-12 13:14:14'),
('SI_0385', 'SN_0001', 'BODY WEIGHT', 37, 1.896, 'AKTIF', '2020-01-12 13:14:36', '2020-01-12 13:14:36'),
('SI_0386', 'SN_0001', 'BODY WEIGHT', 38, 1.901, 'AKTIF', '2020-01-12 13:14:49', '2020-01-12 13:14:49'),
('SI_0387', 'SN_0001', 'BODY WEIGHT', 39, 1.906, 'AKTIF', '2020-01-12 13:15:03', '2020-01-12 13:15:03'),
('SI_0388', 'SN_0001', 'BODY WEIGHT', 40, 1.911, 'AKTIF', '2020-01-12 13:15:34', '2020-01-12 13:15:34'),
('SI_0389', 'SN_0001', 'BODY WEIGHT', 41, 1.915, 'AKTIF', '2020-01-12 13:15:44', '2020-01-12 13:15:44'),
('SI_0390', 'SN_0001', 'BODY WEIGHT', 42, 1.919, 'AKTIF', '2020-01-12 13:15:56', '2020-01-12 13:15:56'),
('SI_0391', 'SN_0001', 'BODY WEIGHT', 43, 1.923, 'AKTIF', '2020-01-12 13:16:14', '2020-01-12 13:16:14'),
('SI_0392', 'SN_0001', 'BODY WEIGHT', 44, 1.927, 'AKTIF', '2020-01-12 13:16:46', '2020-01-12 13:16:46'),
('SI_0393', 'SN_0001', 'BODY WEIGHT', 45, 1.931, 'AKTIF', '2020-01-12 13:17:01', '2020-01-12 13:17:01'),
('SI_0394', 'SN_0001', 'BODY WEIGHT', 46, 1.935, 'AKTIF', '2020-01-12 13:17:23', '2020-01-12 13:17:23'),
('SI_0395', 'SN_0001', 'BODY WEIGHT', 47, 1.939, 'AKTIF', '2020-01-12 13:17:34', '2020-01-12 13:17:34'),
('SI_0396', 'SN_0001', 'BODY WEIGHT', 48, 1.942, 'AKTIF', '2020-01-12 13:17:46', '2020-01-12 13:17:46'),
('SI_0397', 'SN_0001', 'BODY WEIGHT', 49, 1.946, 'AKTIF', '2020-01-12 13:18:09', '2020-01-12 13:18:09'),
('SI_0398', 'SN_0001', 'BODY WEIGHT', 50, 1.949, 'AKTIF', '2020-01-12 13:18:22', '2020-01-12 13:18:22'),
('SI_0399', 'SN_0001', 'BODY WEIGHT', 51, 1.953, 'AKTIF', '2020-01-12 13:18:36', '2020-01-12 13:18:36'),
('SI_0400', 'SN_0001', 'BODY WEIGHT', 52, 1.956, 'AKTIF', '2020-01-12 13:18:52', '2020-01-12 13:18:52'),
('SI_0401', 'SN_0001', 'BODY WEIGHT', 53, 1.959, 'AKTIF', '2020-01-12 13:19:07', '2020-01-12 13:19:07'),
('SI_0402', 'SN_0001', 'BODY WEIGHT', 54, 1.962, 'AKTIF', '2020-01-12 13:19:20', '2020-01-12 13:19:20'),
('SI_0403', 'SN_0001', 'BODY WEIGHT', 55, 1.965, 'AKTIF', '2020-01-12 13:25:33', '2020-01-12 13:25:33'),
('SI_0404', 'SN_0001', 'BODY WEIGHT', 56, 1.967, 'AKTIF', '2020-01-12 13:25:49', '2020-01-12 13:25:49'),
('SI_0405', 'SN_0001', 'BODY WEIGHT', 57, 1.969, 'AKTIF', '2020-01-12 13:26:25', '2020-01-12 13:26:25'),
('SI_0406', 'SN_0001', 'BODY WEIGHT', 58, 1.971, 'AKTIF', '2020-01-12 13:26:44', '2020-01-12 13:26:44'),
('SI_0407', 'SN_0001', 'BODY WEIGHT', 59, 1.973, 'AKTIF', '2020-01-12 13:27:18', '2020-01-12 13:27:18'),
('SI_0408', 'SN_0001', 'BODY WEIGHT', 60, 1.975, 'AKTIF', '2020-01-12 13:27:35', '2020-01-12 13:27:35'),
('SI_0409', 'SN_0001', 'BODY WEIGHT', 61, 1.976, 'AKTIF', '2020-01-12 13:27:51', '2020-01-12 13:27:51'),
('SI_0410', 'SN_0001', 'BODY WEIGHT', 62, 1.978, 'AKTIF', '2020-01-12 13:29:21', '2020-01-12 13:29:21'),
('SI_0411', 'SN_0001', 'BODY WEIGHT', 63, 1.98, 'AKTIF', '2020-01-12 13:29:36', '2020-01-12 13:29:36'),
('SI_0412', 'SN_0001', 'BODY WEIGHT', 64, 1.981, 'AKTIF', '2020-01-12 13:29:52', '2020-01-12 13:29:52'),
('SI_0413', 'SN_0001', 'BODY WEIGHT', 65, 1.981, 'AKTIF', '2020-01-12 13:30:05', '2020-01-12 13:30:05'),
('SI_0414', 'SN_0001', 'BODY WEIGHT', 66, 1.984, 'AKTIF', '2020-01-12 13:30:25', '2020-01-12 13:30:25'),
('SI_0415', 'SN_0001', 'BODY WEIGHT', 67, 1.985, 'AKTIF', '2020-01-12 13:30:43', '2020-01-12 13:30:43'),
('SI_0416', 'SN_0001', 'BODY WEIGHT', 68, 1.986, 'AKTIF', '2020-01-12 13:31:00', '2020-01-12 13:31:00'),
('SI_0417', 'SN_0001', 'BODY WEIGHT', 69, 1.987, 'AKTIF', '2020-01-12 13:31:29', '2020-01-12 13:31:29'),
('SI_0418', 'SN_0001', 'BODY WEIGHT', 70, 1.988, 'AKTIF', '2020-01-12 13:31:42', '2020-01-12 13:31:42'),
('SI_0419', 'SN_0001', 'BODY WEIGHT', 71, 1.989, 'AKTIF', '2020-01-12 13:32:00', '2020-01-12 13:32:00'),
('SI_0420', 'SN_0001', 'BODY WEIGHT', 72, 1.99, 'AKTIF', '2020-01-12 13:33:41', '2020-01-12 13:33:41'),
('SI_0421', 'SN_0001', 'BODY WEIGHT', 73, 1.991, 'AKTIF', '2020-01-12 13:37:01', '2020-01-12 13:37:01'),
('SI_0422', 'SN_0001', 'BODY WEIGHT', 74, 1.991, 'AKTIF', '2020-01-12 13:37:25', '2020-01-12 13:37:25'),
('SI_0423', 'SN_0001', 'BODY WEIGHT', 75, 1.992, 'AKTIF', '2020-01-12 13:37:37', '2020-01-12 13:37:37'),
('SI_0424', 'SN_0001', 'BODY WEIGHT', 76, 1.993, 'AKTIF', '2020-01-12 13:38:08', '2020-01-12 13:38:08'),
('SI_0425', 'SN_0001', 'BODY WEIGHT', 77, 1.993, 'AKTIF', '2020-01-12 13:38:23', '2020-01-12 13:38:23'),
('SI_0426', 'SN_0001', 'BODY WEIGHT', 78, 1.994, 'AKTIF', '2020-01-12 13:38:36', '2020-01-12 13:38:36'),
('SI_0427', 'SN_0001', 'BODY WEIGHT', 79, 1.995, 'AKTIF', '2020-01-12 13:38:51', '2020-01-12 13:38:51'),
('SI_0428', 'SN_0001', 'BODY WEIGHT', 80, 1.995, 'AKTIF', '2020-01-12 13:39:05', '2020-01-12 13:39:05'),
('SI_0429', 'SN_0001', 'BODY WEIGHT', 81, 1.996, 'AKTIF', '2020-01-12 13:39:18', '2020-01-12 13:39:18'),
('SI_0430', 'SN_0001', 'BODY WEIGHT', 82, 1.996, 'AKTIF', '2020-01-12 13:39:32', '2020-01-12 13:39:32'),
('SI_0431', 'SN_0001', 'BODY WEIGHT', 83, 1.997, 'AKTIF', '2020-01-12 13:39:47', '2020-01-12 13:39:47'),
('SI_0432', 'SN_0001', 'BODY WEIGHT', 84, 1.997, 'AKTIF', '2020-01-12 13:40:14', '2020-01-12 13:40:14'),
('SI_0433', 'SN_0001', 'BODY WEIGHT', 85, 1.998, 'AKTIF', '2020-01-12 13:40:41', '2020-01-12 13:40:41'),
('SI_0434', 'SN_0001', 'BODY WEIGHT', 86, 1.998, 'AKTIF', '2020-01-12 13:41:00', '2020-01-12 13:41:00'),
('SI_0435', 'SN_0001', 'BODY WEIGHT', 87, 1.999, 'AKTIF', '2020-01-12 13:41:13', '2020-01-12 13:41:13'),
('SI_0436', 'SN_0001', 'BODY WEIGHT', 88, 1.999, 'AKTIF', '2020-01-12 13:41:29', '2020-01-12 13:41:29'),
('SI_0437', 'SN_0001', 'BODY WEIGHT', 89, 2, 'AKTIF', '2020-01-12 13:41:39', '2020-01-12 13:41:39'),
('SI_0438', 'SN_0001', 'BODY WEIGHT', 90, 2, 'AKTIF', '2020-01-12 13:41:51', '2020-01-12 13:41:51'),
('SI_0439', 'SN_0002', '% LAY', 18, 2.4, 'AKTIF', '2020-01-12 13:05:33', '2020-01-12 13:05:33'),
('SI_0440', 'SN_0002', '% LAY', 19, 15.7, 'AKTIF', '2020-01-12 13:06:04', '2020-01-12 13:06:04'),
('SI_0441', 'SN_0002', '% LAY', 20, 41.3, 'AKTIF', '2020-01-12 13:06:24', '2020-01-12 13:06:24'),
('SI_0442', 'SN_0002', '% LAY', 21, 66.9, 'AKTIF', '2020-01-12 13:08:22', '2020-01-12 13:08:22'),
('SI_0443', 'SN_0002', '% LAY', 22, 85.4, 'AKTIF', '2020-01-12 13:08:37', '2020-01-12 13:08:37'),
('SI_0444', 'SN_0002', '% LAY', 23, 93.5, 'AKTIF', '2020-01-12 13:08:50', '2020-01-12 13:08:50'),
('SI_0445', 'SN_0002', '% LAY', 24, 95, 'AKTIF', '2020-01-12 13:09:20', '2020-01-12 13:09:20'),
('SI_0446', 'SN_0002', '% LAY', 25, 95.4, 'AKTIF', '2020-01-12 13:09:41', '2020-01-12 13:09:41'),
('SI_0447', 'SN_0002', '% LAY', 26, 95.7, 'AKTIF', '2020-01-12 13:10:11', '2020-01-12 13:10:11'),
('SI_0448', 'SN_0002', '% LAY', 27, 95.7, 'AKTIF', '2020-01-12 13:11:15', '2020-01-12 13:11:15'),
('SI_0449', 'SN_0002', '% LAY', 28, 95.7, 'AKTIF', '2020-01-12 13:11:31', '2020-01-12 13:11:31'),
('SI_0450', 'SN_0002', '% LAY', 29, 95.7, 'AKTIF', '2020-01-12 13:11:56', '2020-01-12 13:11:56'),
('SI_0451', 'SN_0002', '% LAY', 30, 95.6, 'AKTIF', '2020-01-12 13:12:12', '2020-01-12 13:12:12'),
('SI_0452', 'SN_0002', '% LAY', 31, 95.5, 'AKTIF', '2020-01-12 13:12:35', '2020-01-12 13:12:35'),
('SI_0453', 'SN_0002', '% LAY', 32, 95.4, 'AKTIF', '2020-01-12 13:12:55', '2020-01-12 13:12:55'),
('SI_0454', 'SN_0002', '% LAY', 33, 95.2, 'AKTIF', '2020-01-12 13:13:29', '2020-01-12 13:13:29'),
('SI_0455', 'SN_0002', '% LAY', 34, 95.1, 'AKTIF', '2020-01-12 13:13:41', '2020-01-12 13:13:41'),
('SI_0456', 'SN_0002', '% LAY', 35, 94.9, 'AKTIF', '2020-01-12 13:13:53', '2020-01-12 13:13:53'),
('SI_0457', 'SN_0002', '% LAY', 36, 94.7, 'AKTIF', '2020-01-12 13:14:14', '2020-01-12 13:14:14'),
('SI_0458', 'SN_0002', '% LAY', 37, 94.5, 'AKTIF', '2020-01-12 13:14:36', '2020-01-12 13:14:36'),
('SI_0459', 'SN_0002', '% LAY', 38, 94.3, 'AKTIF', '2020-01-12 13:14:49', '2020-01-12 13:14:49'),
('SI_0460', 'SN_0002', '% LAY', 39, 94.1, 'AKTIF', '2020-01-12 13:15:03', '2020-01-12 13:15:03'),
('SI_0461', 'SN_0002', '% LAY', 40, 93.8, 'AKTIF', '2020-01-12 13:15:34', '2020-01-12 13:15:34'),
('SI_0462', 'SN_0002', '% LAY', 41, 93.5, 'AKTIF', '2020-01-12 13:15:44', '2020-01-12 13:15:44'),
('SI_0463', 'SN_0002', '% LAY', 42, 93.3, 'AKTIF', '2020-01-12 13:15:56', '2020-01-12 13:15:56'),
('SI_0464', 'SN_0002', '% LAY', 43, 93, 'AKTIF', '2020-01-12 13:16:14', '2020-01-12 13:16:14'),
('SI_0465', 'SN_0002', '% LAY', 44, 92.7, 'AKTIF', '2020-01-12 13:16:46', '2020-01-12 13:16:46'),
('SI_0466', 'SN_0002', '% LAY', 45, 92.4, 'AKTIF', '2020-01-12 13:17:01', '2020-01-12 13:17:01'),
('SI_0467', 'SN_0002', '% LAY', 46, 92.1, 'AKTIF', '2020-01-12 13:17:23', '2020-01-12 13:17:23'),
('SI_0468', 'SN_0002', '% LAY', 47, 91.8, 'AKTIF', '2020-01-12 13:17:34', '2020-01-12 13:17:34'),
('SI_0469', 'SN_0002', '% LAY', 48, 91.5, 'AKTIF', '2020-01-12 13:17:46', '2020-01-12 13:17:46'),
('SI_0470', 'SN_0002', '% LAY', 49, 91.2, 'AKTIF', '2020-01-12 13:18:09', '2020-01-12 13:18:09'),
('SI_0471', 'SN_0002', '% LAY', 50, 90.9, 'AKTIF', '2020-01-12 13:18:22', '2020-01-12 13:18:22'),
('SI_0472', 'SN_0002', '% LAY', 51, 90.6, 'AKTIF', '2020-01-12 13:18:36', '2020-01-12 13:18:36'),
('SI_0473', 'SN_0002', '% LAY', 52, 90.3, 'AKTIF', '2020-01-12 13:18:52', '2020-01-12 13:18:52'),
('SI_0474', 'SN_0002', '% LAY', 53, 89.9, 'AKTIF', '2020-01-12 13:19:07', '2020-01-12 13:19:07'),
('SI_0475', 'SN_0002', '% LAY', 54, 89.6, 'AKTIF', '2020-01-12 13:19:20', '2020-01-12 13:19:20'),
('SI_0476', 'SN_0002', '% LAY', 55, 89.3, 'AKTIF', '2020-01-12 13:25:33', '2020-01-12 13:25:33'),
('SI_0477', 'SN_0002', '% LAY', 56, 89, 'AKTIF', '2020-01-12 13:25:49', '2020-01-12 13:25:49'),
('SI_0478', 'SN_0002', '% LAY', 57, 88.7, 'AKTIF', '2020-01-12 13:26:25', '2020-01-12 13:26:25'),
('SI_0479', 'SN_0002', '% LAY', 58, 88.3, 'AKTIF', '2020-01-12 13:26:44', '2020-01-12 13:26:44'),
('SI_0480', 'SN_0002', '% LAY', 59, 88, 'AKTIF', '2020-01-12 13:27:18', '2020-01-12 13:27:18'),
('SI_0481', 'SN_0002', '% LAY', 60, 87.7, 'AKTIF', '2020-01-12 13:27:35', '2020-01-12 13:27:35'),
('SI_0482', 'SN_0002', '% LAY', 61, 87.4, 'AKTIF', '2020-01-12 13:27:51', '2020-01-12 13:27:51'),
('SI_0483', 'SN_0002', '% LAY', 62, 87.1, 'AKTIF', '2020-01-12 13:29:21', '2020-01-12 13:29:21'),
('SI_0484', 'SN_0002', '% LAY', 63, 86.8, 'AKTIF', '2020-01-12 13:29:36', '2020-01-12 13:29:36'),
('SI_0485', 'SN_0002', '% LAY', 64, 86.4, 'AKTIF', '2020-01-12 13:29:52', '2020-01-12 13:29:52'),
('SI_0486', 'SN_0002', '% LAY', 65, 86.1, 'AKTIF', '2020-01-12 13:30:05', '2020-01-12 13:30:05'),
('SI_0487', 'SN_0002', '% LAY', 66, 85.8, 'AKTIF', '2020-01-12 13:30:25', '2020-01-12 13:30:25'),
('SI_0488', 'SN_0002', '% LAY', 67, 85.5, 'AKTIF', '2020-01-12 13:30:43', '2020-01-12 13:30:43'),
('SI_0489', 'SN_0002', '% LAY', 68, 85.2, 'AKTIF', '2020-01-12 13:31:00', '2020-01-12 13:31:00'),
('SI_0490', 'SN_0002', '% LAY', 69, 84.9, 'AKTIF', '2020-01-12 13:31:29', '2020-01-12 13:31:29'),
('SI_0491', 'SN_0002', '% LAY', 70, 84.5, 'AKTIF', '2020-01-12 13:31:42', '2020-01-12 13:31:42'),
('SI_0492', 'SN_0002', '% LAY', 71, 84.2, 'AKTIF', '2020-01-12 13:32:00', '2020-01-12 13:32:00'),
('SI_0493', 'SN_0002', '% LAY', 72, 83.9, 'AKTIF', '2020-01-12 13:33:41', '2020-01-12 13:33:41'),
('SI_0494', 'SN_0002', '% LAY', 73, 83.6, 'AKTIF', '2020-01-12 13:37:01', '2020-01-12 13:37:01'),
('SI_0495', 'SN_0002', '% LAY', 74, 83.3, 'AKTIF', '2020-01-12 13:37:25', '2020-01-12 13:37:25'),
('SI_0496', 'SN_0002', '% LAY', 75, 82.9, 'AKTIF', '2020-01-12 13:37:37', '2020-01-12 13:37:37'),
('SI_0497', 'SN_0002', '% LAY', 76, 82.6, 'AKTIF', '2020-01-12 13:38:08', '2020-01-12 13:38:08'),
('SI_0498', 'SN_0002', '% LAY', 77, 82.2, 'AKTIF', '2020-01-12 13:38:23', '2020-01-12 13:38:23'),
('SI_0499', 'SN_0002', '% LAY', 78, 81.9, 'AKTIF', '2020-01-12 13:38:36', '2020-01-12 13:38:36'),
('SI_0500', 'SN_0002', '% LAY', 79, 81.5, 'AKTIF', '2020-01-12 13:38:51', '2020-01-12 13:38:51'),
('SI_0501', 'SN_0002', '% LAY', 80, 81.1, 'AKTIF', '2020-01-12 13:39:05', '2020-01-12 13:39:05');
INSERT INTO `mt_strain_nilai` (`id_strain_nilai`, `id_strain`, `nama_strain_nilai`, `minggu_strain_nilai`, `standar_strain_nilai`, `status_strain_nilai`, `created_at`, `updated_at`) VALUES
('SI_0502', 'SN_0002', '% LAY', 81, 80.8, 'AKTIF', '2020-01-12 13:39:18', '2020-01-12 13:39:18'),
('SI_0503', 'SN_0002', '% LAY', 82, 80.4, 'AKTIF', '2020-01-12 13:39:32', '2020-01-12 13:39:32'),
('SI_0504', 'SN_0002', '% LAY', 83, 80.1, 'AKTIF', '2020-01-12 13:39:47', '2020-01-12 13:39:47'),
('SI_0505', 'SN_0002', '% LAY', 84, 79.8, 'AKTIF', '2020-01-12 13:40:14', '2020-01-12 13:40:14'),
('SI_0506', 'SN_0002', '% LAY', 85, 79.4, 'AKTIF', '2020-01-12 13:40:41', '2020-01-12 13:40:41'),
('SI_0507', 'SN_0002', '% LAY', 86, 79.1, 'AKTIF', '2020-01-12 13:41:00', '2020-01-12 13:41:00'),
('SI_0508', 'SN_0002', '% LAY', 87, 78.7, 'AKTIF', '2020-01-12 13:41:13', '2020-01-12 13:41:13'),
('SI_0509', 'SN_0002', '% LAY', 88, 78.4, 'AKTIF', '2020-01-12 13:41:29', '2020-01-12 13:41:29'),
('SI_0510', 'SN_0002', '% LAY', 89, 78.1, 'AKTIF', '2020-01-12 13:41:39', '2020-01-12 13:41:39'),
('SI_0511', 'SN_0002', '% LAY', 90, 77.7, 'AKTIF', '2020-01-12 13:41:51', '2020-01-12 13:41:51'),
('SI_0512', 'SN_0002', 'EGG WEIGHT', 18, 41.6, 'AKTIF', '2020-01-12 13:05:33', '2020-01-12 13:05:33'),
('SI_0513', 'SN_0002', 'EGG WEIGHT', 19, 45.2, 'AKTIF', '2020-01-12 13:06:04', '2020-01-12 13:06:04'),
('SI_0514', 'SN_0002', 'EGG WEIGHT', 20, 48.3, 'AKTIF', '2020-01-12 13:06:24', '2020-01-12 13:06:24'),
('SI_0515', 'SN_0002', 'EGG WEIGHT', 21, 51, 'AKTIF', '2020-01-12 13:08:22', '2020-01-12 13:08:22'),
('SI_0516', 'SN_0002', 'EGG WEIGHT', 22, 53.2, 'AKTIF', '2020-01-12 13:08:37', '2020-01-12 13:08:37'),
('SI_0517', 'SN_0002', 'EGG WEIGHT', 23, 55.1, 'AKTIF', '2020-01-12 13:08:50', '2020-01-12 13:08:50'),
('SI_0518', 'SN_0002', 'EGG WEIGHT', 24, 56.7, 'AKTIF', '2020-01-12 13:09:20', '2020-01-12 13:09:20'),
('SI_0519', 'SN_0002', 'EGG WEIGHT', 25, 57.9, 'AKTIF', '2020-01-12 13:09:41', '2020-01-12 13:09:41'),
('SI_0520', 'SN_0002', 'EGG WEIGHT', 26, 59, 'AKTIF', '2020-01-12 13:10:11', '2020-01-12 13:10:11'),
('SI_0521', 'SN_0002', 'EGG WEIGHT', 27, 59.8, 'AKTIF', '2020-01-12 13:11:15', '2020-01-12 13:11:15'),
('SI_0522', 'SN_0002', 'EGG WEIGHT', 28, 60.5, 'AKTIF', '2020-01-12 13:11:31', '2020-01-12 13:11:31'),
('SI_0523', 'SN_0002', 'EGG WEIGHT', 29, 61, 'AKTIF', '2020-01-12 13:11:56', '2020-01-12 13:11:56'),
('SI_0524', 'SN_0002', 'EGG WEIGHT', 30, 61.4, 'AKTIF', '2020-01-12 13:12:12', '2020-01-12 13:12:12'),
('SI_0525', 'SN_0002', 'EGG WEIGHT', 31, 61.7, 'AKTIF', '2020-01-12 13:12:35', '2020-01-12 13:12:35'),
('SI_0526', 'SN_0002', 'EGG WEIGHT', 32, 62, 'AKTIF', '2020-01-12 13:12:55', '2020-01-12 13:12:55'),
('SI_0527', 'SN_0002', 'EGG WEIGHT', 33, 62.2, 'AKTIF', '2020-01-12 13:13:29', '2020-01-12 13:13:29'),
('SI_0528', 'SN_0002', 'EGG WEIGHT', 34, 62.4, 'AKTIF', '2020-01-12 13:13:41', '2020-01-12 13:13:41'),
('SI_0529', 'SN_0002', 'EGG WEIGHT', 35, 62.5, 'AKTIF', '2020-01-12 13:13:53', '2020-01-12 13:13:53'),
('SI_0530', 'SN_0002', 'EGG WEIGHT', 36, 62.7, 'AKTIF', '2020-01-12 13:14:14', '2020-01-12 13:14:14'),
('SI_0531', 'SN_0002', 'EGG WEIGHT', 37, 62.8, 'AKTIF', '2020-01-12 13:14:36', '2020-01-12 13:14:36'),
('SI_0532', 'SN_0002', 'EGG WEIGHT', 38, 62.9, 'AKTIF', '2020-01-12 13:14:49', '2020-01-12 13:14:49'),
('SI_0533', 'SN_0002', 'EGG WEIGHT', 39, 63.1, 'AKTIF', '2020-01-12 13:15:03', '2020-01-12 13:15:03'),
('SI_0534', 'SN_0002', 'EGG WEIGHT', 40, 63.2, 'AKTIF', '2020-01-12 13:15:34', '2020-01-12 13:15:34'),
('SI_0535', 'SN_0002', 'EGG WEIGHT', 41, 63.2, 'AKTIF', '2020-01-12 13:15:44', '2020-01-12 13:15:44'),
('SI_0536', 'SN_0002', 'EGG WEIGHT', 42, 63.3, 'AKTIF', '2020-01-12 13:15:56', '2020-01-12 13:15:56'),
('SI_0537', 'SN_0002', 'EGG WEIGHT', 43, 63.3, 'AKTIF', '2020-01-12 13:16:14', '2020-01-12 13:16:14'),
('SI_0538', 'SN_0002', 'EGG WEIGHT', 44, 63.3, 'AKTIF', '2020-01-12 13:16:46', '2020-01-12 13:16:46'),
('SI_0539', 'SN_0002', 'EGG WEIGHT', 45, 63.3, 'AKTIF', '2020-01-12 13:17:01', '2020-01-12 13:17:01'),
('SI_0540', 'SN_0002', 'EGG WEIGHT', 46, 63.3, 'AKTIF', '2020-01-12 13:17:23', '2020-01-12 13:17:23'),
('SI_0541', 'SN_0002', 'EGG WEIGHT', 47, 63.4, 'AKTIF', '2020-01-12 13:17:34', '2020-01-12 13:17:34'),
('SI_0542', 'SN_0002', 'EGG WEIGHT', 48, 63.4, 'AKTIF', '2020-01-12 13:17:46', '2020-01-12 13:17:46'),
('SI_0543', 'SN_0002', 'EGG WEIGHT', 49, 63.4, 'AKTIF', '2020-01-12 13:18:09', '2020-01-12 13:18:09'),
('SI_0544', 'SN_0002', 'EGG WEIGHT', 50, 63.4, 'AKTIF', '2020-01-12 13:18:22', '2020-01-12 13:18:22'),
('SI_0545', 'SN_0002', 'EGG WEIGHT', 51, 63.4, 'AKTIF', '2020-01-12 13:18:36', '2020-01-12 13:18:36'),
('SI_0546', 'SN_0002', 'EGG WEIGHT', 52, 63.5, 'AKTIF', '2020-01-12 13:18:52', '2020-01-12 13:18:52'),
('SI_0547', 'SN_0002', 'EGG WEIGHT', 53, 63.5, 'AKTIF', '2020-01-12 13:19:07', '2020-01-12 13:19:07'),
('SI_0548', 'SN_0002', 'EGG WEIGHT', 54, 63.5, 'AKTIF', '2020-01-12 13:19:20', '2020-01-12 13:19:20'),
('SI_0549', 'SN_0002', 'EGG WEIGHT', 55, 63.5, 'AKTIF', '2020-01-12 13:25:33', '2020-01-12 13:25:33'),
('SI_0550', 'SN_0002', 'EGG WEIGHT', 56, 63.5, 'AKTIF', '2020-01-12 13:25:49', '2020-01-12 13:25:49'),
('SI_0551', 'SN_0002', 'EGG WEIGHT', 57, 63.6, 'AKTIF', '2020-01-12 13:26:25', '2020-01-12 13:26:25'),
('SI_0552', 'SN_0002', 'EGG WEIGHT', 58, 63.6, 'AKTIF', '2020-01-12 13:26:44', '2020-01-12 13:26:44'),
('SI_0553', 'SN_0002', 'EGG WEIGHT', 59, 63.6, 'AKTIF', '2020-01-12 13:27:18', '2020-01-12 13:27:18'),
('SI_0554', 'SN_0002', 'EGG WEIGHT', 60, 63.6, 'AKTIF', '2020-01-12 13:27:35', '2020-01-12 13:27:35'),
('SI_0555', 'SN_0002', 'EGG WEIGHT', 61, 63.6, 'AKTIF', '2020-01-12 13:27:51', '2020-01-12 13:27:51'),
('SI_0556', 'SN_0002', 'EGG WEIGHT', 62, 63.7, 'AKTIF', '2020-01-12 13:29:21', '2020-01-12 13:29:21'),
('SI_0557', 'SN_0002', 'EGG WEIGHT', 63, 63.7, 'AKTIF', '2020-01-12 13:29:36', '2020-01-12 13:29:36'),
('SI_0558', 'SN_0002', 'EGG WEIGHT', 64, 63.7, 'AKTIF', '2020-01-12 13:29:52', '2020-01-12 13:29:52'),
('SI_0559', 'SN_0002', 'EGG WEIGHT', 65, 63.7, 'AKTIF', '2020-01-12 13:30:05', '2020-01-12 13:30:05'),
('SI_0560', 'SN_0002', 'EGG WEIGHT', 66, 63.8, 'AKTIF', '2020-01-12 13:30:25', '2020-01-12 13:30:25'),
('SI_0561', 'SN_0002', 'EGG WEIGHT', 67, 63.8, 'AKTIF', '2020-01-12 13:30:43', '2020-01-12 13:30:43'),
('SI_0562', 'SN_0002', 'EGG WEIGHT', 68, 63.8, 'AKTIF', '2020-01-12 13:31:00', '2020-01-12 13:31:00'),
('SI_0563', 'SN_0002', 'EGG WEIGHT', 69, 63.8, 'AKTIF', '2020-01-12 13:31:29', '2020-01-12 13:31:29'),
('SI_0564', 'SN_0002', 'EGG WEIGHT', 70, 63.8, 'AKTIF', '2020-01-12 13:31:42', '2020-01-12 13:31:42'),
('SI_0565', 'SN_0002', 'EGG WEIGHT', 71, 63.9, 'AKTIF', '2020-01-12 13:32:00', '2020-01-12 13:32:00'),
('SI_0566', 'SN_0002', 'EGG WEIGHT', 72, 63.9, 'AKTIF', '2020-01-12 13:33:41', '2020-01-12 13:33:41'),
('SI_0567', 'SN_0002', 'EGG WEIGHT', 73, 63.9, 'AKTIF', '2020-01-12 13:37:01', '2020-01-12 13:37:01'),
('SI_0568', 'SN_0002', 'EGG WEIGHT', 74, 63.9, 'AKTIF', '2020-01-12 13:37:25', '2020-01-12 13:37:25'),
('SI_0569', 'SN_0002', 'EGG WEIGHT', 75, 63.9, 'AKTIF', '2020-01-12 13:37:37', '2020-01-12 13:37:37'),
('SI_0570', 'SN_0002', 'EGG WEIGHT', 76, 64, 'AKTIF', '2020-01-12 13:38:08', '2020-01-12 13:38:08'),
('SI_0571', 'SN_0002', 'EGG WEIGHT', 77, 64, 'AKTIF', '2020-01-12 13:38:23', '2020-01-12 13:38:23'),
('SI_0572', 'SN_0002', 'EGG WEIGHT', 78, 64, 'AKTIF', '2020-01-12 13:38:36', '2020-01-12 13:38:36'),
('SI_0573', 'SN_0002', 'EGG WEIGHT', 79, 64, 'AKTIF', '2020-01-12 13:38:51', '2020-01-12 13:38:51'),
('SI_0574', 'SN_0002', 'EGG WEIGHT', 80, 64, 'AKTIF', '2020-01-12 13:39:05', '2020-01-12 13:39:05'),
('SI_0575', 'SN_0002', 'EGG WEIGHT', 81, 64.1, 'AKTIF', '2020-01-12 13:39:18', '2020-01-12 13:39:18'),
('SI_0576', 'SN_0002', 'EGG WEIGHT', 82, 64.1, 'AKTIF', '2020-01-12 13:39:32', '2020-01-12 13:39:32'),
('SI_0577', 'SN_0002', 'EGG WEIGHT', 83, 64.1, 'AKTIF', '2020-01-12 13:39:47', '2020-01-12 13:39:47'),
('SI_0578', 'SN_0002', 'EGG WEIGHT', 84, 64.1, 'AKTIF', '2020-01-12 13:40:14', '2020-01-12 13:40:14'),
('SI_0579', 'SN_0002', 'EGG WEIGHT', 85, 64.1, 'AKTIF', '2020-01-12 13:40:41', '2020-01-12 13:40:41'),
('SI_0580', 'SN_0002', 'EGG WEIGHT', 86, 64.2, 'AKTIF', '2020-01-12 13:41:00', '2020-01-12 13:41:00'),
('SI_0581', 'SN_0002', 'EGG WEIGHT', 87, 64.2, 'AKTIF', '2020-01-12 13:41:13', '2020-01-12 13:41:13'),
('SI_0582', 'SN_0002', 'EGG WEIGHT', 88, 64.2, 'AKTIF', '2020-01-12 13:41:29', '2020-01-12 13:41:29'),
('SI_0583', 'SN_0002', 'EGG WEIGHT', 89, 64.2, 'AKTIF', '2020-01-12 13:41:39', '2020-01-12 13:41:39'),
('SI_0584', 'SN_0002', 'EGG WEIGHT', 90, 64.2, 'AKTIF', '2020-01-12 13:41:51', '2020-01-12 13:41:51'),
('SI_0585', 'SN_0002', 'FEED INTAKE', 18, 84, 'AKTIF', '2020-01-12 13:05:33', '2020-01-12 13:05:33'),
('SI_0586', 'SN_0002', 'FEED INTAKE', 19, 93, 'AKTIF', '2020-01-12 13:06:04', '2020-01-12 13:06:04'),
('SI_0587', 'SN_0002', 'FEED INTAKE', 20, 99, 'AKTIF', '2020-01-12 13:06:24', '2020-01-12 13:06:24'),
('SI_0588', 'SN_0002', 'FEED INTAKE', 21, 105, 'AKTIF', '2020-01-12 13:08:22', '2020-01-12 13:08:22'),
('SI_0589', 'SN_0002', 'FEED INTAKE', 22, 108, 'AKTIF', '2020-01-12 13:08:37', '2020-01-12 13:08:37'),
('SI_0590', 'SN_0002', 'FEED INTAKE', 23, 111, 'AKTIF', '2020-01-12 13:08:50', '2020-01-12 13:08:50'),
('SI_0591', 'SN_0002', 'FEED INTAKE', 24, 112, 'AKTIF', '2020-01-12 13:09:20', '2020-01-12 13:09:20'),
('SI_0592', 'SN_0002', 'FEED INTAKE', 25, 113, 'AKTIF', '2020-01-12 13:09:41', '2020-01-12 13:09:41'),
('SI_0593', 'SN_0002', 'FEED INTAKE', 26, 113, 'AKTIF', '2020-01-12 13:10:11', '2020-01-12 13:10:11'),
('SI_0594', 'SN_0002', 'FEED INTAKE', 27, 113, 'AKTIF', '2020-01-12 13:11:15', '2020-01-12 13:11:15'),
('SI_0595', 'SN_0002', 'FEED INTAKE', 28, 113, 'AKTIF', '2020-01-12 13:11:31', '2020-01-12 13:11:31'),
('SI_0596', 'SN_0002', 'FEED INTAKE', 29, 113, 'AKTIF', '2020-01-12 13:11:56', '2020-01-12 13:11:56'),
('SI_0597', 'SN_0002', 'FEED INTAKE', 30, 113, 'AKTIF', '2020-01-12 13:12:12', '2020-01-12 13:12:12'),
('SI_0598', 'SN_0002', 'FEED INTAKE', 31, 113, 'AKTIF', '2020-01-12 13:12:35', '2020-01-12 13:12:35'),
('SI_0599', 'SN_0002', 'FEED INTAKE', 32, 113, 'AKTIF', '2020-01-12 13:12:55', '2020-01-12 13:12:55'),
('SI_0600', 'SN_0002', 'FEED INTAKE', 33, 113, 'AKTIF', '2020-01-12 13:13:29', '2020-01-12 13:13:29'),
('SI_0601', 'SN_0002', 'FEED INTAKE', 34, 113, 'AKTIF', '2020-01-12 13:13:41', '2020-01-12 13:13:41'),
('SI_0602', 'SN_0002', 'FEED INTAKE', 35, 113, 'AKTIF', '2020-01-12 13:13:53', '2020-01-12 13:13:53'),
('SI_0603', 'SN_0002', 'FEED INTAKE', 36, 113, 'AKTIF', '2020-01-12 13:14:14', '2020-01-12 13:14:14'),
('SI_0604', 'SN_0002', 'FEED INTAKE', 37, 113, 'AKTIF', '2020-01-12 13:14:36', '2020-01-12 13:14:36'),
('SI_0605', 'SN_0002', 'FEED INTAKE', 38, 113, 'AKTIF', '2020-01-12 13:14:49', '2020-01-12 13:14:49'),
('SI_0606', 'SN_0002', 'FEED INTAKE', 39, 113, 'AKTIF', '2020-01-12 13:15:03', '2020-01-12 13:15:03'),
('SI_0607', 'SN_0002', 'FEED INTAKE', 40, 113, 'AKTIF', '2020-01-12 13:15:34', '2020-01-12 13:15:34'),
('SI_0608', 'SN_0002', 'FEED INTAKE', 41, 113, 'AKTIF', '2020-01-12 13:15:44', '2020-01-12 13:15:44'),
('SI_0609', 'SN_0002', 'FEED INTAKE', 42, 113, 'AKTIF', '2020-01-12 13:15:56', '2020-01-12 13:15:56'),
('SI_0610', 'SN_0002', 'FEED INTAKE', 43, 113, 'AKTIF', '2020-01-12 13:16:14', '2020-01-12 13:16:14'),
('SI_0611', 'SN_0002', 'FEED INTAKE', 44, 113, 'AKTIF', '2020-01-12 13:16:46', '2020-01-12 13:16:46'),
('SI_0612', 'SN_0002', 'FEED INTAKE', 45, 113, 'AKTIF', '2020-01-12 13:17:01', '2020-01-12 13:17:01'),
('SI_0613', 'SN_0002', 'FEED INTAKE', 46, 113, 'AKTIF', '2020-01-12 13:17:23', '2020-01-12 13:17:23'),
('SI_0614', 'SN_0002', 'FEED INTAKE', 47, 113, 'AKTIF', '2020-01-12 13:17:34', '2020-01-12 13:17:34'),
('SI_0615', 'SN_0002', 'FEED INTAKE', 48, 113, 'AKTIF', '2020-01-12 13:17:46', '2020-01-12 13:17:46'),
('SI_0616', 'SN_0002', 'FEED INTAKE', 49, 113, 'AKTIF', '2020-01-12 13:18:09', '2020-01-12 13:18:09'),
('SI_0617', 'SN_0002', 'FEED INTAKE', 50, 113, 'AKTIF', '2020-01-12 13:18:22', '2020-01-12 13:18:22'),
('SI_0618', 'SN_0002', 'FEED INTAKE', 51, 113, 'AKTIF', '2020-01-12 13:18:36', '2020-01-12 13:18:36'),
('SI_0619', 'SN_0002', 'FEED INTAKE', 52, 113, 'AKTIF', '2020-01-12 13:18:52', '2020-01-12 13:18:52'),
('SI_0620', 'SN_0002', 'FEED INTAKE', 53, 113, 'AKTIF', '2020-01-12 13:19:07', '2020-01-12 13:19:07'),
('SI_0621', 'SN_0002', 'FEED INTAKE', 54, 113, 'AKTIF', '2020-01-12 13:19:20', '2020-01-12 13:19:20'),
('SI_0622', 'SN_0002', 'FEED INTAKE', 55, 113, 'AKTIF', '2020-01-12 13:25:33', '2020-01-12 13:25:33'),
('SI_0623', 'SN_0002', 'FEED INTAKE', 56, 114, 'AKTIF', '2020-01-12 13:25:49', '2020-01-12 13:25:49'),
('SI_0624', 'SN_0002', 'FEED INTAKE', 57, 114, 'AKTIF', '2020-01-12 13:26:25', '2020-01-12 13:26:25'),
('SI_0625', 'SN_0002', 'FEED INTAKE', 58, 114, 'AKTIF', '2020-01-12 13:26:44', '2020-01-12 13:26:44'),
('SI_0626', 'SN_0002', 'FEED INTAKE', 59, 114, 'AKTIF', '2020-01-12 13:27:18', '2020-01-12 13:27:18'),
('SI_0627', 'SN_0002', 'FEED INTAKE', 60, 114, 'AKTIF', '2020-01-12 13:27:35', '2020-01-12 13:27:35'),
('SI_0628', 'SN_0002', 'FEED INTAKE', 61, 114, 'AKTIF', '2020-01-12 13:27:51', '2020-01-12 13:27:51'),
('SI_0629', 'SN_0002', 'FEED INTAKE', 62, 114, 'AKTIF', '2020-01-12 13:29:21', '2020-01-12 13:29:21'),
('SI_0630', 'SN_0002', 'FEED INTAKE', 63, 114, 'AKTIF', '2020-01-12 13:29:36', '2020-01-12 13:29:36'),
('SI_0631', 'SN_0002', 'FEED INTAKE', 64, 114, 'AKTIF', '2020-01-12 13:29:52', '2020-01-12 13:29:52'),
('SI_0632', 'SN_0002', 'FEED INTAKE', 65, 114, 'AKTIF', '2020-01-12 13:30:05', '2020-01-12 13:30:05'),
('SI_0633', 'SN_0002', 'FEED INTAKE', 66, 114, 'AKTIF', '2020-01-12 13:30:25', '2020-01-12 13:30:25'),
('SI_0634', 'SN_0002', 'FEED INTAKE', 67, 114, 'AKTIF', '2020-01-12 13:30:43', '2020-01-12 13:30:43'),
('SI_0635', 'SN_0002', 'FEED INTAKE', 68, 114, 'AKTIF', '2020-01-12 13:31:00', '2020-01-12 13:31:00'),
('SI_0636', 'SN_0002', 'FEED INTAKE', 69, 114, 'AKTIF', '2020-01-12 13:31:29', '2020-01-12 13:31:29'),
('SI_0637', 'SN_0002', 'FEED INTAKE', 70, 114, 'AKTIF', '2020-01-12 13:31:42', '2020-01-12 13:31:42'),
('SI_0638', 'SN_0002', 'FEED INTAKE', 71, 114, 'AKTIF', '2020-01-12 13:32:00', '2020-01-12 13:32:00'),
('SI_0639', 'SN_0002', 'FEED INTAKE', 72, 114, 'AKTIF', '2020-01-12 13:33:41', '2020-01-12 13:33:41'),
('SI_0640', 'SN_0002', 'FEED INTAKE', 73, 114, 'AKTIF', '2020-01-12 13:37:01', '2020-01-12 13:37:01'),
('SI_0641', 'SN_0002', 'FEED INTAKE', 74, 114, 'AKTIF', '2020-01-12 13:37:25', '2020-01-12 13:37:25'),
('SI_0642', 'SN_0002', 'FEED INTAKE', 75, 114, 'AKTIF', '2020-01-12 13:37:37', '2020-01-12 13:37:37'),
('SI_0643', 'SN_0002', 'FEED INTAKE', 76, 114, 'AKTIF', '2020-01-12 13:38:08', '2020-01-12 13:38:08'),
('SI_0644', 'SN_0002', 'FEED INTAKE', 77, 114, 'AKTIF', '2020-01-12 13:38:23', '2020-01-12 13:38:23'),
('SI_0645', 'SN_0002', 'FEED INTAKE', 78, 114, 'AKTIF', '2020-01-12 13:38:36', '2020-01-12 13:38:36'),
('SI_0646', 'SN_0002', 'FEED INTAKE', 79, 114, 'AKTIF', '2020-01-12 13:38:51', '2020-01-12 13:38:51'),
('SI_0647', 'SN_0002', 'FEED INTAKE', 80, 114, 'AKTIF', '2020-01-12 13:39:05', '2020-01-12 13:39:05'),
('SI_0648', 'SN_0002', 'FEED INTAKE', 81, 114, 'AKTIF', '2020-01-12 13:39:18', '2020-01-12 13:39:18'),
('SI_0649', 'SN_0002', 'FEED INTAKE', 82, 114, 'AKTIF', '2020-01-12 13:39:32', '2020-01-12 13:39:32'),
('SI_0650', 'SN_0002', 'FEED INTAKE', 83, 114, 'AKTIF', '2020-01-12 13:39:47', '2020-01-12 13:39:47'),
('SI_0651', 'SN_0002', 'FEED INTAKE', 84, 114, 'AKTIF', '2020-01-12 13:40:14', '2020-01-12 13:40:14'),
('SI_0652', 'SN_0002', 'FEED INTAKE', 85, 114, 'AKTIF', '2020-01-12 13:40:41', '2020-01-12 13:40:41'),
('SI_0653', 'SN_0002', 'FEED INTAKE', 86, 114, 'AKTIF', '2020-01-12 13:41:00', '2020-01-12 13:41:00'),
('SI_0654', 'SN_0002', 'FEED INTAKE', 87, 114, 'AKTIF', '2020-01-12 13:41:13', '2020-01-12 13:41:13'),
('SI_0655', 'SN_0002', 'FEED INTAKE', 88, 114, 'AKTIF', '2020-01-12 13:41:29', '2020-01-12 13:41:29'),
('SI_0656', 'SN_0002', 'FEED INTAKE', 89, 114, 'AKTIF', '2020-01-12 13:41:39', '2020-01-12 13:41:39'),
('SI_0657', 'SN_0002', 'FEED INTAKE', 90, 114, 'AKTIF', '2020-01-12 13:41:51', '2020-01-12 13:41:51'),
('SI_0658', 'SN_0002', 'LIVABILITY', 18, 99.9, 'AKTIF', '2020-01-12 13:05:33', '2020-01-12 13:05:33'),
('SI_0659', 'SN_0002', 'LIVABILITY', 19, 99.8, 'AKTIF', '2020-01-12 13:06:04', '2020-01-12 13:06:04'),
('SI_0660', 'SN_0002', 'LIVABILITY', 20, 99.8, 'AKTIF', '2020-01-12 13:06:24', '2020-01-12 13:06:24'),
('SI_0661', 'SN_0002', 'LIVABILITY', 21, 99.7, 'AKTIF', '2020-01-12 13:08:22', '2020-01-12 13:08:22'),
('SI_0662', 'SN_0002', 'LIVABILITY', 22, 99.6, 'AKTIF', '2020-01-12 13:08:37', '2020-01-12 13:08:37'),
('SI_0663', 'SN_0002', 'LIVABILITY', 23, 99.5, 'AKTIF', '2020-01-12 13:08:50', '2020-01-12 13:08:50'),
('SI_0664', 'SN_0002', 'LIVABILITY', 24, 99.4, 'AKTIF', '2020-01-12 13:09:20', '2020-01-12 13:09:20'),
('SI_0665', 'SN_0002', 'LIVABILITY', 25, 99.3, 'AKTIF', '2020-01-12 13:09:41', '2020-01-12 13:09:41'),
('SI_0666', 'SN_0002', 'LIVABILITY', 26, 99.3, 'AKTIF', '2020-01-12 13:10:11', '2020-01-12 13:10:11'),
('SI_0667', 'SN_0002', 'LIVABILITY', 27, 99.2, 'AKTIF', '2020-01-12 13:11:15', '2020-01-12 13:11:15'),
('SI_0668', 'SN_0002', 'LIVABILITY', 28, 99.1, 'AKTIF', '2020-01-12 13:11:31', '2020-01-12 13:11:31'),
('SI_0669', 'SN_0002', 'LIVABILITY', 29, 99, 'AKTIF', '2020-01-12 13:11:56', '2020-01-12 13:11:56'),
('SI_0670', 'SN_0002', 'LIVABILITY', 30, 98.9, 'AKTIF', '2020-01-12 13:12:12', '2020-01-12 13:12:12'),
('SI_0671', 'SN_0002', 'LIVABILITY', 31, 98.9, 'AKTIF', '2020-01-12 13:12:35', '2020-01-12 13:12:35'),
('SI_0672', 'SN_0002', 'LIVABILITY', 32, 98.8, 'AKTIF', '2020-01-12 13:12:55', '2020-01-12 13:12:55'),
('SI_0673', 'SN_0002', 'LIVABILITY', 33, 98.7, 'AKTIF', '2020-01-12 13:13:29', '2020-01-12 13:13:29'),
('SI_0674', 'SN_0002', 'LIVABILITY', 34, 98.6, 'AKTIF', '2020-01-12 13:13:41', '2020-01-12 13:13:41'),
('SI_0675', 'SN_0002', 'LIVABILITY', 35, 98.5, 'AKTIF', '2020-01-12 13:13:53', '2020-01-12 13:13:53'),
('SI_0676', 'SN_0002', 'LIVABILITY', 36, 98.4, 'AKTIF', '2020-01-12 13:14:14', '2020-01-12 13:14:14'),
('SI_0677', 'SN_0002', 'LIVABILITY', 37, 98.4, 'AKTIF', '2020-01-12 13:14:36', '2020-01-12 13:14:36'),
('SI_0678', 'SN_0002', 'LIVABILITY', 38, 98.3, 'AKTIF', '2020-01-12 13:14:49', '2020-01-12 13:14:49'),
('SI_0679', 'SN_0002', 'LIVABILITY', 39, 98.2, 'AKTIF', '2020-01-12 13:15:03', '2020-01-12 13:15:03'),
('SI_0680', 'SN_0002', 'LIVABILITY', 40, 98.1, 'AKTIF', '2020-01-12 13:15:34', '2020-01-12 13:15:34'),
('SI_0681', 'SN_0002', 'LIVABILITY', 41, 98, 'AKTIF', '2020-01-12 13:15:44', '2020-01-12 13:15:44'),
('SI_0682', 'SN_0002', 'LIVABILITY', 42, 98, 'AKTIF', '2020-01-12 13:15:56', '2020-01-12 13:15:56'),
('SI_0683', 'SN_0002', 'LIVABILITY', 43, 97.9, 'AKTIF', '2020-01-12 13:16:14', '2020-01-12 13:16:14'),
('SI_0684', 'SN_0002', 'LIVABILITY', 44, 97.8, 'AKTIF', '2020-01-12 13:16:46', '2020-01-12 13:16:46'),
('SI_0685', 'SN_0002', 'LIVABILITY', 45, 97.7, 'AKTIF', '2020-01-12 13:17:01', '2020-01-12 13:17:01'),
('SI_0686', 'SN_0002', 'LIVABILITY', 46, 97.6, 'AKTIF', '2020-01-12 13:17:23', '2020-01-12 13:17:23'),
('SI_0687', 'SN_0002', 'LIVABILITY', 47, 97.5, 'AKTIF', '2020-01-12 13:17:34', '2020-01-12 13:17:34'),
('SI_0688', 'SN_0002', 'LIVABILITY', 48, 97.5, 'AKTIF', '2020-01-12 13:17:46', '2020-01-12 13:17:46'),
('SI_0689', 'SN_0002', 'LIVABILITY', 49, 97.4, 'AKTIF', '2020-01-12 13:18:09', '2020-01-12 13:18:09'),
('SI_0690', 'SN_0002', 'LIVABILITY', 50, 97.3, 'AKTIF', '2020-01-12 13:18:22', '2020-01-12 13:18:22'),
('SI_0691', 'SN_0002', 'LIVABILITY', 51, 97.2, 'AKTIF', '2020-01-12 13:18:36', '2020-01-12 13:18:36'),
('SI_0692', 'SN_0002', 'LIVABILITY', 52, 97.1, 'AKTIF', '2020-01-12 13:18:52', '2020-01-12 13:18:52'),
('SI_0693', 'SN_0002', 'LIVABILITY', 53, 97, 'AKTIF', '2020-01-12 13:19:07', '2020-01-12 13:19:07'),
('SI_0694', 'SN_0002', 'LIVABILITY', 54, 97, 'AKTIF', '2020-01-12 13:19:20', '2020-01-12 13:19:20'),
('SI_0695', 'SN_0002', 'LIVABILITY', 55, 96.9, 'AKTIF', '2020-01-12 13:25:33', '2020-01-12 13:25:33'),
('SI_0696', 'SN_0002', 'LIVABILITY', 56, 96.8, 'AKTIF', '2020-01-12 13:25:49', '2020-01-12 13:25:49'),
('SI_0697', 'SN_0002', 'LIVABILITY', 57, 96.7, 'AKTIF', '2020-01-12 13:26:25', '2020-01-12 13:26:25'),
('SI_0698', 'SN_0002', 'LIVABILITY', 58, 96.6, 'AKTIF', '2020-01-12 13:26:44', '2020-01-12 13:26:44'),
('SI_0699', 'SN_0002', 'LIVABILITY', 59, 96.6, 'AKTIF', '2020-01-12 13:27:18', '2020-01-12 13:27:18'),
('SI_0700', 'SN_0002', 'LIVABILITY', 60, 96.5, 'AKTIF', '2020-01-12 13:27:35', '2020-01-12 13:27:35'),
('SI_0701', 'SN_0002', 'LIVABILITY', 61, 96.4, 'AKTIF', '2020-01-12 13:27:51', '2020-01-12 13:27:51'),
('SI_0702', 'SN_0002', 'LIVABILITY', 62, 96.3, 'AKTIF', '2020-01-12 13:29:21', '2020-01-12 13:29:21'),
('SI_0703', 'SN_0002', 'LIVABILITY', 63, 96.2, 'AKTIF', '2020-01-12 13:29:36', '2020-01-12 13:29:36'),
('SI_0704', 'SN_0002', 'LIVABILITY', 64, 96.1, 'AKTIF', '2020-01-12 13:29:52', '2020-01-12 13:29:52'),
('SI_0705', 'SN_0002', 'LIVABILITY', 65, 96.1, 'AKTIF', '2020-01-12 13:30:05', '2020-01-12 13:30:05'),
('SI_0706', 'SN_0002', 'LIVABILITY', 66, 96, 'AKTIF', '2020-01-12 13:30:25', '2020-01-12 13:30:25'),
('SI_0707', 'SN_0002', 'LIVABILITY', 67, 95.9, 'AKTIF', '2020-01-12 13:30:43', '2020-01-12 13:30:43'),
('SI_0708', 'SN_0002', 'LIVABILITY', 68, 95.8, 'AKTIF', '2020-01-12 13:31:00', '2020-01-12 13:31:00'),
('SI_0709', 'SN_0002', 'LIVABILITY', 69, 95.7, 'AKTIF', '2020-01-12 13:31:29', '2020-01-12 13:31:29'),
('SI_0710', 'SN_0002', 'LIVABILITY', 70, 95.7, 'AKTIF', '2020-01-12 13:31:42', '2020-01-12 13:31:42'),
('SI_0711', 'SN_0002', 'LIVABILITY', 71, 95.6, 'AKTIF', '2020-01-12 13:32:00', '2020-01-12 13:32:00'),
('SI_0712', 'SN_0002', 'LIVABILITY', 72, 95.5, 'AKTIF', '2020-01-12 13:33:41', '2020-01-12 13:33:41'),
('SI_0713', 'SN_0002', 'LIVABILITY', 73, 95.4, 'AKTIF', '2020-01-12 13:37:01', '2020-01-12 13:37:01'),
('SI_0714', 'SN_0002', 'LIVABILITY', 74, 95.3, 'AKTIF', '2020-01-12 13:37:25', '2020-01-12 13:37:25'),
('SI_0715', 'SN_0002', 'LIVABILITY', 75, 95.2, 'AKTIF', '2020-01-12 13:37:37', '2020-01-12 13:37:37'),
('SI_0716', 'SN_0002', 'LIVABILITY', 76, 95.2, 'AKTIF', '2020-01-12 13:38:08', '2020-01-12 13:38:08'),
('SI_0717', 'SN_0002', 'LIVABILITY', 77, 95.1, 'AKTIF', '2020-01-12 13:38:23', '2020-01-12 13:38:23'),
('SI_0718', 'SN_0002', 'LIVABILITY', 78, 95, 'AKTIF', '2020-01-12 13:38:36', '2020-01-12 13:38:36'),
('SI_0719', 'SN_0002', 'LIVABILITY', 79, 94.9, 'AKTIF', '2020-01-12 13:38:51', '2020-01-12 13:38:51'),
('SI_0720', 'SN_0002', 'LIVABILITY', 80, 94.8, 'AKTIF', '2020-01-12 13:39:05', '2020-01-12 13:39:05'),
('SI_0721', 'SN_0002', 'LIVABILITY', 81, 94.8, 'AKTIF', '2020-01-12 13:39:18', '2020-01-12 13:39:18'),
('SI_0722', 'SN_0002', 'LIVABILITY', 82, 94.7, 'AKTIF', '2020-01-12 13:39:32', '2020-01-12 13:39:32'),
('SI_0723', 'SN_0002', 'LIVABILITY', 83, 94.6, 'AKTIF', '2020-01-12 13:39:47', '2020-01-12 13:39:47'),
('SI_0724', 'SN_0002', 'LIVABILITY', 84, 94.5, 'AKTIF', '2020-01-12 13:40:14', '2020-01-12 13:40:14'),
('SI_0725', 'SN_0002', 'LIVABILITY', 85, 94.4, 'AKTIF', '2020-01-12 13:40:41', '2020-01-12 13:40:41'),
('SI_0726', 'SN_0002', 'LIVABILITY', 86, 94.3, 'AKTIF', '2020-01-12 13:41:00', '2020-01-12 13:41:00'),
('SI_0727', 'SN_0002', 'LIVABILITY', 87, 94.3, 'AKTIF', '2020-01-12 13:41:13', '2020-01-12 13:41:13'),
('SI_0728', 'SN_0002', 'LIVABILITY', 88, 94.2, 'AKTIF', '2020-01-12 13:41:29', '2020-01-12 13:41:29'),
('SI_0729', 'SN_0002', 'LIVABILITY', 89, 94.1, 'AKTIF', '2020-01-12 13:41:39', '2020-01-12 13:41:39'),
('SI_0730', 'SN_0002', 'LIVABILITY', 90, 94, 'AKTIF', '2020-01-12 13:41:51', '2020-01-12 13:41:51'),
('SI_0731', 'SN_0002', 'EGG MASS', 18, 0, 'AKTIF', '2020-01-12 13:05:33', '2020-01-12 13:05:33'),
('SI_0732', 'SN_0002', 'EGG MASS', 19, 0.1, 'AKTIF', '2020-01-12 13:06:04', '2020-01-12 13:06:04'),
('SI_0733', 'SN_0002', 'EGG MASS', 20, 0.2, 'AKTIF', '2020-01-12 13:06:24', '2020-01-12 13:06:24'),
('SI_0734', 'SN_0002', 'EGG MASS', 21, 0.4, 'AKTIF', '2020-01-12 13:08:22', '2020-01-12 13:08:22'),
('SI_0735', 'SN_0002', 'EGG MASS', 22, 0.8, 'AKTIF', '2020-01-12 13:08:37', '2020-01-12 13:08:37'),
('SI_0736', 'SN_0002', 'EGG MASS', 23, 1.1, 'AKTIF', '2020-01-12 13:08:50', '2020-01-12 13:08:50'),
('SI_0737', 'SN_0002', 'EGG MASS', 24, 1.5, 'AKTIF', '2020-01-12 13:09:20', '2020-01-12 13:09:20'),
('SI_0738', 'SN_0002', 'EGG MASS', 25, 1.9, 'AKTIF', '2020-01-12 13:09:41', '2020-01-12 13:09:41'),
('SI_0739', 'SN_0002', 'EGG MASS', 26, 2.3, 'AKTIF', '2020-01-12 13:10:11', '2020-01-12 13:10:11'),
('SI_0740', 'SN_0002', 'EGG MASS', 27, 2.7, 'AKTIF', '2020-01-12 13:11:15', '2020-01-12 13:11:15'),
('SI_0741', 'SN_0002', 'EGG MASS', 28, 3.1, 'AKTIF', '2020-01-12 13:11:31', '2020-01-12 13:11:31'),
('SI_0742', 'SN_0002', 'EGG MASS', 29, 3.5, 'AKTIF', '2020-01-12 13:11:56', '2020-01-12 13:11:56'),
('SI_0743', 'SN_0002', 'EGG MASS', 30, 3.9, 'AKTIF', '2020-01-12 13:12:12', '2020-01-12 13:12:12'),
('SI_0744', 'SN_0002', 'EGG MASS', 31, 4.3, 'AKTIF', '2020-01-12 13:12:35', '2020-01-12 13:12:35'),
('SI_0745', 'SN_0002', 'EGG MASS', 32, 4.7, 'AKTIF', '2020-01-12 13:12:55', '2020-01-12 13:12:55'),
('SI_0746', 'SN_0002', 'EGG MASS', 33, 5.1, 'AKTIF', '2020-01-12 13:13:29', '2020-01-12 13:13:29'),
('SI_0747', 'SN_0002', 'EGG MASS', 34, 5.5, 'AKTIF', '2020-01-12 13:13:41', '2020-01-12 13:13:41'),
('SI_0748', 'SN_0002', 'EGG MASS', 35, 5.9, 'AKTIF', '2020-01-12 13:13:53', '2020-01-12 13:13:53'),
('SI_0749', 'SN_0002', 'EGG MASS', 36, 6.3, 'AKTIF', '2020-01-12 13:14:14', '2020-01-12 13:14:14'),
('SI_0750', 'SN_0002', 'EGG MASS', 37, 6.7, 'AKTIF', '2020-01-12 13:14:36', '2020-01-12 13:14:36'),
('SI_0751', 'SN_0002', 'EGG MASS', 38, 7.1, 'AKTIF', '2020-01-12 13:14:49', '2020-01-12 13:14:49'),
('SI_0752', 'SN_0002', 'EGG MASS', 39, 7.5, 'AKTIF', '2020-01-12 13:15:03', '2020-01-12 13:15:03'),
('SI_0753', 'SN_0002', 'EGG MASS', 40, 8, 'AKTIF', '2020-01-12 13:15:34', '2020-01-12 13:15:34'),
('SI_0754', 'SN_0002', 'EGG MASS', 41, 8.4, 'AKTIF', '2020-01-12 13:15:44', '2020-01-12 13:15:44'),
('SI_0755', 'SN_0002', 'EGG MASS', 42, 8.8, 'AKTIF', '2020-01-12 13:15:56', '2020-01-12 13:15:56'),
('SI_0756', 'SN_0002', 'EGG MASS', 43, 9.2, 'AKTIF', '2020-01-12 13:16:14', '2020-01-12 13:16:14'),
('SI_0757', 'SN_0002', 'EGG MASS', 44, 9.6, 'AKTIF', '2020-01-12 13:16:46', '2020-01-12 13:16:46'),
('SI_0758', 'SN_0002', 'EGG MASS', 45, 10, 'AKTIF', '2020-01-12 13:17:01', '2020-01-12 13:17:01'),
('SI_0759', 'SN_0002', 'EGG MASS', 46, 10.4, 'AKTIF', '2020-01-12 13:17:23', '2020-01-12 13:17:23'),
('SI_0760', 'SN_0002', 'EGG MASS', 47, 10.8, 'AKTIF', '2020-01-12 13:17:34', '2020-01-12 13:17:34'),
('SI_0761', 'SN_0002', 'EGG MASS', 48, 11.2, 'AKTIF', '2020-01-12 13:17:46', '2020-01-12 13:17:46'),
('SI_0762', 'SN_0002', 'EGG MASS', 49, 11.6, 'AKTIF', '2020-01-12 13:18:09', '2020-01-12 13:18:09'),
('SI_0763', 'SN_0002', 'EGG MASS', 50, 11.9, 'AKTIF', '2020-01-12 13:18:22', '2020-01-12 13:18:22'),
('SI_0764', 'SN_0002', 'EGG MASS', 51, 12.3, 'AKTIF', '2020-01-12 13:18:36', '2020-01-12 13:18:36'),
('SI_0765', 'SN_0002', 'EGG MASS', 52, 12.7, 'AKTIF', '2020-01-12 13:18:52', '2020-01-12 13:18:52'),
('SI_0766', 'SN_0002', 'EGG MASS', 53, 13.1, 'AKTIF', '2020-01-12 13:19:07', '2020-01-12 13:19:07'),
('SI_0767', 'SN_0002', 'EGG MASS', 54, 13.5, 'AKTIF', '2020-01-12 13:19:20', '2020-01-12 13:19:20'),
('SI_0768', 'SN_0002', 'EGG MASS', 55, 13.9, 'AKTIF', '2020-01-12 13:25:33', '2020-01-12 13:25:33'),
('SI_0769', 'SN_0002', 'EGG MASS', 56, 14.3, 'AKTIF', '2020-01-12 13:25:49', '2020-01-12 13:25:49'),
('SI_0770', 'SN_0002', 'EGG MASS', 57, 14.7, 'AKTIF', '2020-01-12 13:26:25', '2020-01-12 13:26:25'),
('SI_0771', 'SN_0002', 'EGG MASS', 58, 15, 'AKTIF', '2020-01-12 13:26:44', '2020-01-12 13:26:44'),
('SI_0772', 'SN_0002', 'EGG MASS', 59, 15.4, 'AKTIF', '2020-01-12 13:27:18', '2020-01-12 13:27:18'),
('SI_0773', 'SN_0002', 'EGG MASS', 60, 15.8, 'AKTIF', '2020-01-12 13:27:35', '2020-01-12 13:27:35'),
('SI_0774', 'SN_0002', 'EGG MASS', 61, 16.2, 'AKTIF', '2020-01-12 13:27:51', '2020-01-12 13:27:51'),
('SI_0775', 'SN_0002', 'EGG MASS', 62, 16.5, 'AKTIF', '2020-01-12 13:29:21', '2020-01-12 13:29:21'),
('SI_0776', 'SN_0002', 'EGG MASS', 63, 16.9, 'AKTIF', '2020-01-12 13:29:36', '2020-01-12 13:29:36'),
('SI_0777', 'SN_0002', 'EGG MASS', 64, 17.3, 'AKTIF', '2020-01-12 13:29:52', '2020-01-12 13:29:52'),
('SI_0778', 'SN_0002', 'EGG MASS', 65, 16.7, 'AKTIF', '2020-01-12 13:30:05', '2020-01-12 13:30:05'),
('SI_0779', 'SN_0002', 'EGG MASS', 66, 18, 'AKTIF', '2020-01-12 13:30:25', '2020-01-12 13:30:25'),
('SI_0780', 'SN_0002', 'EGG MASS', 67, 18.4, 'AKTIF', '2020-01-12 13:30:43', '2020-01-12 13:30:43'),
('SI_0781', 'SN_0002', 'EGG MASS', 68, 18.7, 'AKTIF', '2020-01-12 13:31:00', '2020-01-12 13:31:00'),
('SI_0782', 'SN_0002', 'EGG MASS', 69, 19.1, 'AKTIF', '2020-01-12 13:31:29', '2020-01-12 13:31:29'),
('SI_0783', 'SN_0002', 'EGG MASS', 70, 19.5, 'AKTIF', '2020-01-12 13:31:42', '2020-01-12 13:31:42'),
('SI_0784', 'SN_0002', 'EGG MASS', 71, 19.8, 'AKTIF', '2020-01-12 13:32:00', '2020-01-12 13:32:00'),
('SI_0785', 'SN_0002', 'EGG MASS', 72, 20.2, 'AKTIF', '2020-01-12 13:33:41', '2020-01-12 13:33:41'),
('SI_0786', 'SN_0002', 'EGG MASS', 73, 20.5, 'AKTIF', '2020-01-12 13:37:01', '2020-01-12 13:37:01'),
('SI_0787', 'SN_0002', 'EGG MASS', 74, 20.9, 'AKTIF', '2020-01-12 13:37:25', '2020-01-12 13:37:25'),
('SI_0788', 'SN_0002', 'EGG MASS', 75, 21.3, 'AKTIF', '2020-01-12 13:37:37', '2020-01-12 13:37:37'),
('SI_0789', 'SN_0002', 'EGG MASS', 76, 21.6, 'AKTIF', '2020-01-12 13:38:08', '2020-01-12 13:38:08'),
('SI_0790', 'SN_0002', 'EGG MASS', 77, 22, 'AKTIF', '2020-01-12 13:38:23', '2020-01-12 13:38:23'),
('SI_0791', 'SN_0002', 'EGG MASS', 78, 22.3, 'AKTIF', '2020-01-12 13:38:36', '2020-01-12 13:38:36'),
('SI_0792', 'SN_0002', 'EGG MASS', 79, 22.7, 'AKTIF', '2020-01-12 13:38:51', '2020-01-12 13:38:51'),
('SI_0793', 'SN_0002', 'EGG MASS', 80, 23, 'AKTIF', '2020-01-12 13:39:05', '2020-01-12 13:39:05'),
('SI_0794', 'SN_0002', 'EGG MASS', 81, 23.3, 'AKTIF', '2020-01-12 13:39:18', '2020-01-12 13:39:18'),
('SI_0795', 'SN_0002', 'EGG MASS', 82, 23.7, 'AKTIF', '2020-01-12 13:39:32', '2020-01-12 13:39:32'),
('SI_0796', 'SN_0002', 'EGG MASS', 83, 24, 'AKTIF', '2020-01-12 13:39:47', '2020-01-12 13:39:47'),
('SI_0797', 'SN_0002', 'EGG MASS', 84, 24.4, 'AKTIF', '2020-01-12 13:40:14', '2020-01-12 13:40:14'),
('SI_0798', 'SN_0002', 'EGG MASS', 85, 24.7, 'AKTIF', '2020-01-12 13:40:41', '2020-01-12 13:40:41'),
('SI_0799', 'SN_0002', 'EGG MASS', 86, 25, 'AKTIF', '2020-01-12 13:41:00', '2020-01-12 13:41:00'),
('SI_0800', 'SN_0002', 'EGG MASS', 87, 25.4, 'AKTIF', '2020-01-12 13:41:13', '2020-01-12 13:41:13'),
('SI_0801', 'SN_0002', 'EGG MASS', 88, 25.7, 'AKTIF', '2020-01-12 13:41:29', '2020-01-12 13:41:29'),
('SI_0802', 'SN_0002', 'EGG MASS', 89, 26, 'AKTIF', '2020-01-12 13:41:39', '2020-01-12 13:41:39'),
('SI_0803', 'SN_0002', 'EGG MASS', 90, 26.4, 'AKTIF', '2020-01-12 13:41:51', '2020-01-12 13:41:51'),
('SI_0804', 'SN_0002', 'BODY WEIGHT', 18, 1.576, 'AKTIF', '2020-01-12 13:05:33', '2020-01-12 13:05:33'),
('SI_0805', 'SN_0002', 'BODY WEIGHT', 19, 1.63, 'AKTIF', '2020-01-12 13:06:04', '2020-01-12 13:06:04'),
('SI_0806', 'SN_0002', 'BODY WEIGHT', 20, 1.676, 'AKTIF', '2020-01-12 13:06:24', '2020-01-12 13:06:24'),
('SI_0807', 'SN_0002', 'BODY WEIGHT', 21, 1.713, 'AKTIF', '2020-01-12 13:08:22', '2020-01-12 13:08:22'),
('SI_0808', 'SN_0002', 'BODY WEIGHT', 22, 1.75, 'AKTIF', '2020-01-12 13:08:37', '2020-01-12 13:08:37'),
('SI_0809', 'SN_0002', 'BODY WEIGHT', 23, 1.767, 'AKTIF', '2020-01-12 13:08:50', '2020-01-12 13:08:50'),
('SI_0810', 'SN_0002', 'BODY WEIGHT', 24, 1.782, 'AKTIF', '2020-01-12 13:09:20', '2020-01-12 13:09:20'),
('SI_0811', 'SN_0002', 'BODY WEIGHT', 25, 1.796, 'AKTIF', '2020-01-12 13:09:41', '2020-01-12 13:09:41'),
('SI_0812', 'SN_0002', 'BODY WEIGHT', 26, 1.809, 'AKTIF', '2020-01-12 13:10:11', '2020-01-12 13:10:11'),
('SI_0813', 'SN_0002', 'BODY WEIGHT', 27, 1.821, 'AKTIF', '2020-01-12 13:11:15', '2020-01-12 13:11:15'),
('SI_0814', 'SN_0002', 'BODY WEIGHT', 28, 1.831, 'AKTIF', '2020-01-12 13:11:31', '2020-01-12 13:11:31'),
('SI_0815', 'SN_0002', 'BODY WEIGHT', 29, 1.841, 'AKTIF', '2020-01-12 13:11:56', '2020-01-12 13:11:56'),
('SI_0816', 'SN_0002', 'BODY WEIGHT', 30, 1.85, 'AKTIF', '2020-01-12 13:12:12', '2020-01-12 13:12:12'),
('SI_0817', 'SN_0002', 'BODY WEIGHT', 31, 1.858, 'AKTIF', '2020-01-12 13:12:35', '2020-01-12 13:12:35'),
('SI_0818', 'SN_0002', 'BODY WEIGHT', 32, 1.866, 'AKTIF', '2020-01-12 13:12:55', '2020-01-12 13:12:55'),
('SI_0819', 'SN_0002', 'BODY WEIGHT', 33, 1.873, 'AKTIF', '2020-01-12 13:13:29', '2020-01-12 13:13:29'),
('SI_0820', 'SN_0002', 'BODY WEIGHT', 34, 1.879, 'AKTIF', '2020-01-12 13:13:41', '2020-01-12 13:13:41'),
('SI_0821', 'SN_0002', 'BODY WEIGHT', 35, 1.885, 'AKTIF', '2020-01-12 13:13:53', '2020-01-12 13:13:53'),
('SI_0822', 'SN_0002', 'BODY WEIGHT', 36, 1.891, 'AKTIF', '2020-01-12 13:14:14', '2020-01-12 13:14:14'),
('SI_0823', 'SN_0002', 'BODY WEIGHT', 37, 1.896, 'AKTIF', '2020-01-12 13:14:36', '2020-01-12 13:14:36'),
('SI_0824', 'SN_0002', 'BODY WEIGHT', 38, 1.901, 'AKTIF', '2020-01-12 13:14:49', '2020-01-12 13:14:49'),
('SI_0825', 'SN_0002', 'BODY WEIGHT', 39, 1.906, 'AKTIF', '2020-01-12 13:15:03', '2020-01-12 13:15:03'),
('SI_0826', 'SN_0002', 'BODY WEIGHT', 40, 1.911, 'AKTIF', '2020-01-12 13:15:34', '2020-01-12 13:15:34'),
('SI_0827', 'SN_0002', 'BODY WEIGHT', 41, 1.915, 'AKTIF', '2020-01-12 13:15:44', '2020-01-12 13:15:44'),
('SI_0828', 'SN_0002', 'BODY WEIGHT', 42, 1.919, 'AKTIF', '2020-01-12 13:15:56', '2020-01-12 13:15:56'),
('SI_0829', 'SN_0002', 'BODY WEIGHT', 43, 1.923, 'AKTIF', '2020-01-12 13:16:14', '2020-01-12 13:16:14'),
('SI_0830', 'SN_0002', 'BODY WEIGHT', 44, 1.927, 'AKTIF', '2020-01-12 13:16:46', '2020-01-12 13:16:46'),
('SI_0831', 'SN_0002', 'BODY WEIGHT', 45, 1.931, 'AKTIF', '2020-01-12 13:17:01', '2020-01-12 13:17:01'),
('SI_0832', 'SN_0002', 'BODY WEIGHT', 46, 1.935, 'AKTIF', '2020-01-12 13:17:23', '2020-01-12 13:17:23'),
('SI_0833', 'SN_0002', 'BODY WEIGHT', 47, 1.939, 'AKTIF', '2020-01-12 13:17:34', '2020-01-12 13:17:34'),
('SI_0834', 'SN_0002', 'BODY WEIGHT', 48, 1.942, 'AKTIF', '2020-01-12 13:17:46', '2020-01-12 13:17:46'),
('SI_0835', 'SN_0002', 'BODY WEIGHT', 49, 1.946, 'AKTIF', '2020-01-12 13:18:09', '2020-01-12 13:18:09'),
('SI_0836', 'SN_0002', 'BODY WEIGHT', 50, 1.949, 'AKTIF', '2020-01-12 13:18:22', '2020-01-12 13:18:22'),
('SI_0837', 'SN_0002', 'BODY WEIGHT', 51, 1.953, 'AKTIF', '2020-01-12 13:18:36', '2020-01-12 13:18:36'),
('SI_0838', 'SN_0002', 'BODY WEIGHT', 52, 1.956, 'AKTIF', '2020-01-12 13:18:52', '2020-01-12 13:18:52'),
('SI_0839', 'SN_0002', 'BODY WEIGHT', 53, 1.959, 'AKTIF', '2020-01-12 13:19:07', '2020-01-12 13:19:07'),
('SI_0840', 'SN_0002', 'BODY WEIGHT', 54, 1.962, 'AKTIF', '2020-01-12 13:19:20', '2020-01-12 13:19:20'),
('SI_0841', 'SN_0002', 'BODY WEIGHT', 55, 1.965, 'AKTIF', '2020-01-12 13:25:33', '2020-01-12 13:25:33'),
('SI_0842', 'SN_0002', 'BODY WEIGHT', 56, 1.967, 'AKTIF', '2020-01-12 13:25:49', '2020-01-12 13:25:49'),
('SI_0843', 'SN_0002', 'BODY WEIGHT', 57, 1.969, 'AKTIF', '2020-01-12 13:26:25', '2020-01-12 13:26:25'),
('SI_0844', 'SN_0002', 'BODY WEIGHT', 58, 1.971, 'AKTIF', '2020-01-12 13:26:44', '2020-01-12 13:26:44'),
('SI_0845', 'SN_0002', 'BODY WEIGHT', 59, 1.973, 'AKTIF', '2020-01-12 13:27:18', '2020-01-12 13:27:18'),
('SI_0846', 'SN_0002', 'BODY WEIGHT', 60, 1.975, 'AKTIF', '2020-01-12 13:27:35', '2020-01-12 13:27:35'),
('SI_0847', 'SN_0002', 'BODY WEIGHT', 61, 1.976, 'AKTIF', '2020-01-12 13:27:51', '2020-01-12 13:27:51'),
('SI_0848', 'SN_0002', 'BODY WEIGHT', 62, 1.978, 'AKTIF', '2020-01-12 13:29:21', '2020-01-12 13:29:21'),
('SI_0849', 'SN_0002', 'BODY WEIGHT', 63, 1.98, 'AKTIF', '2020-01-12 13:29:36', '2020-01-12 13:29:36'),
('SI_0850', 'SN_0002', 'BODY WEIGHT', 64, 1.981, 'AKTIF', '2020-01-12 13:29:52', '2020-01-12 13:29:52'),
('SI_0851', 'SN_0002', 'BODY WEIGHT', 65, 1.982, 'AKTIF', '2020-01-12 13:30:05', '2020-01-12 13:30:05'),
('SI_0852', 'SN_0002', 'BODY WEIGHT', 66, 1.984, 'AKTIF', '2020-01-12 13:30:25', '2020-01-12 13:30:25'),
('SI_0853', 'SN_0002', 'BODY WEIGHT', 67, 1.985, 'AKTIF', '2020-01-12 13:30:43', '2020-01-12 13:30:43'),
('SI_0854', 'SN_0002', 'BODY WEIGHT', 68, 1.986, 'AKTIF', '2020-01-12 13:31:00', '2020-01-12 13:31:00'),
('SI_0855', 'SN_0002', 'BODY WEIGHT', 69, 1.987, 'AKTIF', '2020-01-12 13:31:29', '2020-01-12 13:31:29'),
('SI_0856', 'SN_0002', 'BODY WEIGHT', 70, 1.988, 'AKTIF', '2020-01-12 13:31:42', '2020-01-12 13:31:42'),
('SI_0857', 'SN_0002', 'BODY WEIGHT', 71, 1.989, 'AKTIF', '2020-01-12 13:32:00', '2020-01-12 13:32:00'),
('SI_0858', 'SN_0002', 'BODY WEIGHT', 72, 1.99, 'AKTIF', '2020-01-12 13:33:41', '2020-01-12 13:33:41'),
('SI_0859', 'SN_0002', 'BODY WEIGHT', 73, 1.991, 'AKTIF', '2020-01-12 13:37:01', '2020-01-12 13:37:01'),
('SI_0860', 'SN_0002', 'BODY WEIGHT', 74, 1.991, 'AKTIF', '2020-01-12 13:37:25', '2020-01-12 13:37:25'),
('SI_0861', 'SN_0002', 'BODY WEIGHT', 75, 1.992, 'AKTIF', '2020-01-12 13:37:37', '2020-01-12 13:37:37'),
('SI_0862', 'SN_0002', 'BODY WEIGHT', 76, 1.993, 'AKTIF', '2020-01-12 13:38:08', '2020-01-12 13:38:08'),
('SI_0863', 'SN_0002', 'BODY WEIGHT', 77, 1.993, 'AKTIF', '2020-01-12 13:38:23', '2020-01-12 13:38:23'),
('SI_0864', 'SN_0002', 'BODY WEIGHT', 78, 1.994, 'AKTIF', '2020-01-12 13:38:36', '2020-01-12 13:38:36'),
('SI_0865', 'SN_0002', 'BODY WEIGHT', 79, 1.995, 'AKTIF', '2020-01-12 13:38:51', '2020-01-12 13:38:51'),
('SI_0866', 'SN_0002', 'BODY WEIGHT', 80, 1.995, 'AKTIF', '2020-01-12 13:39:05', '2020-01-12 13:39:05'),
('SI_0867', 'SN_0002', 'BODY WEIGHT', 81, 1.996, 'AKTIF', '2020-01-12 13:39:18', '2020-01-12 13:39:18'),
('SI_0868', 'SN_0002', 'BODY WEIGHT', 82, 1.996, 'AKTIF', '2020-01-12 13:39:32', '2020-01-12 13:39:32'),
('SI_0869', 'SN_0002', 'BODY WEIGHT', 83, 1.997, 'AKTIF', '2020-01-12 13:39:47', '2020-01-12 13:39:47'),
('SI_0870', 'SN_0002', 'BODY WEIGHT', 84, 1.997, 'AKTIF', '2020-01-12 13:40:14', '2020-01-12 13:40:14'),
('SI_0871', 'SN_0002', 'BODY WEIGHT', 85, 1.998, 'AKTIF', '2020-01-12 13:40:41', '2020-01-12 13:40:41'),
('SI_0872', 'SN_0002', 'BODY WEIGHT', 86, 1.998, 'AKTIF', '2020-01-12 13:41:00', '2020-01-12 13:41:00'),
('SI_0873', 'SN_0002', 'BODY WEIGHT', 87, 1.999, 'AKTIF', '2020-01-12 13:41:13', '2020-01-12 13:41:13'),
('SI_0874', 'SN_0002', 'BODY WEIGHT', 88, 1.999, 'AKTIF', '2020-01-12 13:41:29', '2020-01-12 13:41:29'),
('SI_0875', 'SN_0002', 'BODY WEIGHT', 89, 2, 'AKTIF', '2020-01-12 13:41:39', '2020-01-12 13:41:39'),
('SI_0876', 'SN_0002', 'BODY WEIGHT', 90, 2, 'AKTIF', '2020-01-12 13:41:51', '2020-01-12 13:41:51');

-- --------------------------------------------------------

--
-- Table structure for table `tr_periode`
--

CREATE TABLE IF NOT EXISTS `tr_periode` (
  `id_periode` varchar(25) NOT NULL,
  `id_kandang` varchar(25) NOT NULL,
  `id_anggota` varchar(25) NOT NULL,
  `id_strain` varchar(25) NOT NULL,
  `nama_periode` varchar(100) DEFAULT NULL,
  `tanggal_masuk_kandang` datetime DEFAULT NULL,
  `tanggal_menetas` datetime NOT NULL,
  `awal_ayam_masuk` int(11) NOT NULL,
  `jumlah_seluruh_ayam` int(11) NOT NULL,
  `umur_masuk` float DEFAULT NULL,
  `asal_pullet` varchar(100) DEFAULT NULL,
  `created_at` datetime NOT NULL,
  `updated_at` datetime NOT NULL,
  `status_periode` varchar(25) NOT NULL,
  `hd_periode` int(11) NOT NULL,
  PRIMARY KEY (`id_periode`),
  KEY `id_kandang` (`id_kandang`),
  KEY `id_user` (`id_anggota`),
  KEY `id_anggota` (`id_anggota`),
  KEY `id_strain` (`id_strain`)
) ENGINE=InnoDB DEFAULT CHARSET=latin1;

--
-- Dumping data for table `tr_periode`
--

INSERT INTO `tr_periode` (`id_periode`, `id_kandang`, `id_anggota`, `id_strain`, `nama_periode`, `tanggal_masuk_kandang`, `tanggal_menetas`, `awal_ayam_masuk`, `jumlah_seluruh_ayam`, `umur_masuk`, `asal_pullet`, `created_at`, `updated_at`, `status_periode`, `hd_periode`) VALUES
('PR_0001', 'KN_0001', 'U_0001', 'SN_0001', 'periode jemursari kandang 1', '2019-12-10 00:00:00', '2019-12-10 00:00:00', 1000, 1000, 3, 'lokal', '2019-12-23 20:08:24', '2020-01-14 18:56:34', 'AKTIF', 997),
('PR_0002', 'KN_0006', 'U_0001', 'SN_0001', 'periode prapen kandang 1', '2019-08-13 00:00:00', '2019-08-13 00:00:00', 500, 500, 3, 'lokal', '2019-12-24 17:38:58', '2019-12-24 17:39:11', 'TIDAK AKTIF', 980),
('PR_0003', 'KN_0002', 'U_0001', 'SN_0002', 'adasd', '2019-12-11 00:00:00', '2019-12-10 00:00:00', 680, 680, 3, 'sda', '2019-12-27 19:42:38', '2020-01-14 18:56:34', 'AKTIF', 980),
('PR_0004', 'KN_0003', 'U_0001', 'SN_0001', 'dasd', '2019-12-12 00:00:00', '2019-12-12 00:00:00', 700, 700, 6, 'ass', '2019-12-27 20:11:00', '2020-01-14 18:56:34', 'AKTIF', 980),
('PR_0005', 'KN_0004', 'U_0001', 'SN_0001', 'asdsa', '2019-12-14 00:00:00', '2019-12-12 00:00:00', 700, 700, 7, 'a', '2019-12-27 20:11:21', '2020-01-14 18:56:34', 'AKTIF', 980),
('PR_0006', 'KN_0006', 'U_0001', 'SN_0001', 'adasd', '2020-01-28 00:00:00', '2020-01-16 00:00:00', 700, 700, 3, 'sda', '2020-01-01 22:20:41', '2020-01-01 22:20:41', 'AKTIF', 890);

-- --------------------------------------------------------

--
-- Table structure for table `tr_produksi`
--

CREATE TABLE IF NOT EXISTS `tr_produksi` (
  `id_produksi` int(11) NOT NULL AUTO_INCREMENT,
  `id_periode` varchar(25) NOT NULL,
  `id_anggota` varchar(25) NOT NULL,
  `ayam_m` int(11) NOT NULL,
  `ayam_c` int(11) NOT NULL,
  `total_ayam` int(11) NOT NULL,
  `tanggal_catat` datetime NOT NULL,
  `created_at` datetime NOT NULL,
  `updated_at` datetime NOT NULL,
  `suhu_pagi` float DEFAULT NULL,
  `suhu_siang` float DEFAULT NULL,
  `suhu_sore` float DEFAULT NULL,
  `suhu_malam` float DEFAULT NULL,
  `butir_jumlah` int(11) NOT NULL,
  `rusak_jumlah` int(11) NOT NULL,
  `butir_kg` float NOT NULL,
  `rusak_kg` float NOT NULL,
  `pakan_kg` float NOT NULL,
  `berat_badan` float NOT NULL,
  `keterangan` varchar(250) NOT NULL,
  `hasil_pakan_gr` float NOT NULL,
  `hasil_butir_gr` float NOT NULL,
  `hasil_rusak_gr` float NOT NULL,
  `hasil_hd_persen` float NOT NULL,
  `hasil_fcr` float NOT NULL,
  `hasil_rusak_persen` float NOT NULL,
  `hasil_hh` float NOT NULL,
  PRIMARY KEY (`id_produksi`),
  KEY `id_periode` (`id_periode`),
  KEY `id_anggota` (`id_anggota`)
) ENGINE=InnoDB  DEFAULT CHARSET=latin1 AUTO_INCREMENT=57 ;

--
-- Dumping data for table `tr_produksi`
--

INSERT INTO `tr_produksi` (`id_produksi`, `id_periode`, `id_anggota`, `ayam_m`, `ayam_c`, `total_ayam`, `tanggal_catat`, `created_at`, `updated_at`, `suhu_pagi`, `suhu_siang`, `suhu_sore`, `suhu_malam`, `butir_jumlah`, `rusak_jumlah`, `butir_kg`, `rusak_kg`, `pakan_kg`, `berat_badan`, `keterangan`, `hasil_pakan_gr`, `hasil_butir_gr`, `hasil_rusak_gr`, `hasil_hd_persen`, `hasil_fcr`, `hasil_rusak_persen`, `hasil_hh`) VALUES
(1, 'PR_0001', 'U_0001', 0, 0, 990, '2019-12-13 00:00:00', '2020-01-02 16:15:50', '2020-01-02 16:15:50', 20, 20, 20, 20, 100, 10, 10, 1, 100, 100, 'vaksin', 101.01, 100, 100, 10.101, 10, 10, 10.0301),
(2, 'PR_0003', 'U_0001', 0, 0, 680, '2019-12-13 00:00:00', '2020-01-02 16:15:50', '2020-01-02 16:15:50', 20, 20, 20, 20, 90, 10, 9, 1, 100, 100, '', 147.059, 100, 100, 13.2353, 11.1111, 11.1111, 9.18367),
(3, 'PR_0004', 'U_0001', 0, 0, 700, '2019-12-13 00:00:00', '2020-01-02 16:15:50', '2020-01-02 16:15:50', 20, 20, 20, 20, 100, 10, 10, 1, 100, 100, '', 142.857, 100, 100, 14.2857, 10, 10, 10.2041),
(4, 'PR_0005', 'U_0001', 0, 0, 700, '2019-12-13 00:00:00', '2020-01-02 16:15:50', '2020-01-02 16:15:50', 20, 20, 20, 20, 80, 10, 8, 1, 100, 100, '', 142.857, 100, 100, 11.4286, 12.5, 12.5, 8.16327),
(5, 'PR_0001', 'U_0001', 0, 0, 990, '2020-01-14 00:00:00', '2020-01-02 16:19:52', '2020-01-02 16:19:52', 20, 20, 20, 20, 100, 10, 10, 1, 100, 100, '', 101.01, 100, 100, 10.101, 10, 10, 10.0301),
(6, 'PR_0003', 'U_0001', 0, 0, 680, '2020-01-14 00:00:00', '2020-01-02 16:19:52', '2020-01-02 16:19:52', 20, 20, 20, 20, 90, 10, 9, 1, 100, 100, '', 147.059, 100, 100, 13.2353, 11.1111, 11.1111, 9.18367),
(7, 'PR_0004', 'U_0001', 0, 0, 700, '2020-01-14 00:00:00', '2020-01-02 16:19:52', '2020-01-02 16:19:52', 20, 20, 20, 20, 80, 10, 8, 1, 100, 100, '', 142.857, 100, 100, 11.4286, 12.5, 12.5, 8.16327),
(8, 'PR_0005', 'U_0001', 0, 0, 700, '2020-01-14 00:00:00', '2020-01-02 16:19:52', '2020-01-02 16:19:52', 20, 20, 20, 20, 100, 10, 10, 1, 100, 100, '', 142.857, 100, 100, 14.2857, 10, 10, 10.2041),
(9, 'PR_0001', 'U_0001', 0, 0, 990, '2020-01-15 00:00:00', '2020-01-02 16:21:02', '2020-01-02 16:21:02', 20, 20, 20, 20, 90, 10, 9, 1, 100, 100, '', 101.01, 100, 100, 9.09091, 11.1111, 11.1111, 9.02708),
(10, 'PR_0003', 'U_0001', 0, 0, 680, '2020-01-15 00:00:00', '2020-01-02 16:21:02', '2020-01-02 16:21:02', 20, 20, 20, 20, 100, 10, 10, 1, 100, 100, '', 147.059, 100, 100, 14.7059, 10, 10, 10.2041),
(11, 'PR_0004', 'U_0001', 0, 0, 700, '2020-01-15 00:00:00', '2020-01-02 16:21:02', '2020-01-02 16:21:02', 20, 20, 20, 20, 100, 10, 10, 1, 100, 100, '', 142.857, 100, 100, 14.2857, 10, 10, 10.2041),
(12, 'PR_0005', 'U_0001', 0, 0, 700, '2020-01-15 00:00:00', '2020-01-02 16:21:03', '2020-01-02 16:21:03', 20, 20, 20, 20, 90, 10, 9, 1, 100, 100, '', 142.857, 100, 100, 12.8571, 11.1111, 11.1111, 9.18367),
(13, 'PR_0001', 'U_0001', 0, 0, 990, '2020-01-16 00:00:00', '2020-01-02 16:22:31', '2020-01-02 16:22:31', 20, 20, 20, 20, 100, 10, 10, 1, 100, 100, 'cek suhu kandang', 101.01, 100, 100, 10.101, 10, 10, 10.0301),
(14, 'PR_0003', 'U_0001', 0, 0, 680, '2020-01-16 00:00:00', '2020-01-02 16:22:31', '2020-01-02 16:22:31', 20, 20, 20, 20, 80, 10, 10, 1, 100, 100, '', 147.059, 125, 100, 11.7647, 10, 12.5, 8.16327),
(15, 'PR_0004', 'U_0001', 0, 0, 700, '2020-01-16 00:00:00', '2020-01-02 16:22:31', '2020-01-02 16:22:31', 20, 20, 20, 20, 70, 10, 7, 1, 100, 100, '', 142.857, 100, 100, 10, 14.2857, 14.2857, 7.14286),
(16, 'PR_0005', 'U_0001', 0, 0, 700, '2020-01-16 00:00:00', '2020-01-02 16:22:31', '2020-01-02 16:22:31', 20, 20, 20, 20, 90, 10, 9, 1, 100, 100, '', 142.857, 100, 100, 12.8571, 11.1111, 11.1111, 9.18367),
(17, 'PR_0001', 'U_0001', 0, 0, 990, '2020-01-17 00:00:00', '2020-01-02 16:23:37', '2020-01-02 16:23:37', 20, 20, 20, 20, 100, 10, 10, 1, 100, 100, '', 101.01, 100, 100, 10.101, 10, 10, 10.0301),
(18, 'PR_0003', 'U_0001', 0, 0, 680, '2020-01-17 00:00:00', '2020-01-02 16:23:38', '2020-01-02 16:23:38', 20, 20, 20, 20, 90, 10, 9, 1, 100, 100, '', 147.059, 100, 100, 13.2353, 11.1111, 11.1111, 9.18367),
(19, 'PR_0004', 'U_0001', 0, 0, 700, '2020-01-17 00:00:00', '2020-01-02 16:23:38', '2020-01-02 16:23:38', 20, 20, 20, 20, 100, 10, 10, 1, 100, 100, '', 142.857, 100, 100, 14.2857, 10, 10, 10.2041),
(20, 'PR_0005', 'U_0001', 0, 0, 700, '2020-01-17 00:00:00', '2020-01-02 16:23:38', '2020-01-02 16:23:38', 20, 20, 20, 20, 100, 10, 10, 1, 100, 100, '', 142.857, 100, 100, 14.2857, 10, 10, 10.2041),
(21, 'PR_0001', 'U_0001', 0, 0, 990, '2020-01-17 00:00:00', '2020-01-02 16:23:38', '2020-01-02 16:23:38', 20, 20, 20, 20, 100, 10, 10, 1, 100, 100, 'vaksin 2', 101.01, 100, 100, 10.101, 10, 10, 10.0301),
(22, 'PR_0003', 'U_0001', 0, 0, 680, '2020-01-17 00:00:00', '2020-01-02 16:23:38', '2020-01-02 16:23:38', 20, 20, 20, 20, 90, 10, 9, 1, 100, 100, '', 147.059, 100, 100, 13.2353, 11.1111, 11.1111, 9.18367),
(23, 'PR_0004', 'U_0001', 0, 0, 700, '2020-01-17 00:00:00', '2020-01-02 16:23:38', '2020-01-02 16:23:38', 20, 20, 20, 20, 100, 10, 10, 1, 100, 100, '', 142.857, 100, 100, 14.2857, 10, 10, 10.2041),
(24, 'PR_0005', 'U_0001', 0, 0, 700, '2020-01-17 00:00:00', '2020-01-02 16:23:38', '2020-01-02 16:23:38', 20, 20, 20, 20, 100, 10, 10, 1, 100, 100, '', 142.857, 100, 100, 14.2857, 10, 10, 10.2041),
(25, 'PR_0001', 'U_0001', 0, 0, 990, '2020-01-18 00:00:00', '2020-01-02 16:24:48', '2020-01-02 16:24:48', 20, 20, 20, 20, 100, 10, 10, 1, 100, 100, '', 101.01, 100, 100, 10.101, 10, 10, 10.0301),
(26, 'PR_0003', 'U_0001', 0, 0, 680, '2020-01-18 00:00:00', '2020-01-02 16:24:48', '2020-01-02 16:24:48', 20, 20, 20, 20, 80, 10, 8, 1, 100, 100, '', 147.059, 100, 100, 11.7647, 12.5, 12.5, 8.16327),
(27, 'PR_0004', 'U_0001', 0, 0, 700, '2020-01-18 00:00:00', '2020-01-02 16:24:48', '2020-01-02 16:24:48', 20, 20, 20, 20, 90, 10, 9, 1, 100, 100, '', 142.857, 100, 100, 12.8571, 11.1111, 11.1111, 9.18367),
(28, 'PR_0005', 'U_0001', 0, 0, 700, '2020-01-18 00:00:00', '2020-01-02 16:24:48', '2020-01-02 16:24:48', 20, 20, 20, 20, 90, 10, 9, 1, 100, 100, '', 142.857, 100, 100, 12.8571, 11.1111, 11.1111, 9.18367),
(29, 'PR_0001', 'U_0001', 0, 0, 990, '2020-01-19 00:00:00', '2020-01-02 16:25:51', '2020-01-02 16:25:51', 20, 20, 20, 20, 100, 10, 10, 1, 100, 100, '', 101.01, 100, 100, 10.101, 10, 10, 10.0301),
(30, 'PR_0003', 'U_0001', 0, 0, 680, '2020-01-19 00:00:00', '2020-01-02 16:25:51', '2020-01-02 16:25:51', 20, 20, 20, 20, 90, 10, 9, 1, 100, 100, '', 147.059, 100, 100, 13.2353, 11.1111, 11.1111, 9.18367),
(31, 'PR_0004', 'U_0001', 0, 0, 700, '2020-01-19 00:00:00', '2020-01-02 16:25:51', '2020-01-02 16:25:51', 20, 20, 20, 20, 80, 10, 8, 1, 100, 100, '', 142.857, 100, 100, 11.4286, 12.5, 12.5, 8.16327),
(32, 'PR_0005', 'U_0001', 0, 0, 700, '2020-01-19 00:00:00', '2020-01-02 16:25:51', '2020-01-02 16:25:51', 20, 20, 20, 20, 90, 10, 9, 1, 100, 100, '', 142.857, 100, 100, 12.8571, 11.1111, 11.1111, 9.18367),
(33, 'PR_0001', 'U_0001', 0, 0, 990, '2020-01-20 00:00:00', '2020-01-02 16:26:56', '2020-01-02 16:26:56', 20, 20, 20, 20, 90, 10, 9, 1, 100, 100, '', 101.01, 100, 100, 9.09091, 11.1111, 11.1111, 9.02708),
(34, 'PR_0003', 'U_0001', 0, 0, 680, '2020-01-20 00:00:00', '2020-01-02 16:26:56', '2020-01-02 16:26:56', 20, 20, 20, 20, 70, 10, 7, 1, 100, 100, '', 147.059, 100, 100, 10.2941, 14.2857, 14.2857, 7.14286),
(35, 'PR_0004', 'U_0001', 0, 0, 700, '2020-01-20 00:00:00', '2020-01-02 16:26:56', '2020-01-02 16:26:56', 20, 20, 20, 20, 80, 10, 8, 1, 100, 100, '', 142.857, 100, 100, 11.4286, 12.5, 12.5, 8.16327),
(36, 'PR_0005', 'U_0001', 0, 0, 700, '2020-01-20 00:00:00', '2020-01-02 16:26:56', '2020-01-02 16:26:56', 20, 20, 20, 20, 90, 10, 9, 1, 100, 100, '', 142.857, 100, 100, 12.8571, 11.1111, 11.1111, 9.18367),
(37, 'PR_0001', 'U_0001', 0, 0, 990, '2020-01-21 00:00:00', '2020-01-02 16:27:51', '2020-01-02 16:27:51', 20, 20, 20, 20, 100, 10, 10, 1, 100, 100, '', 101.01, 100, 100, 10.101, 10, 10, 10.0301),
(38, 'PR_0003', 'U_0001', 0, 0, 680, '2020-01-21 00:00:00', '2020-01-02 16:27:51', '2020-01-02 16:27:51', 20, 20, 20, 20, 100, 10, 10, 1, 100, 100, '', 147.059, 100, 100, 14.7059, 10, 10, 10.2041),
(39, 'PR_0004', 'U_0001', 0, 0, 700, '2020-01-21 00:00:00', '2020-01-02 16:27:52', '2020-01-02 16:27:52', 20, 20, 20, 20, 9, 10, 9, 1, 100, 100, '', 142.857, 1000, 100, 1.28571, 11.1111, 111.111, 0.918367),
(40, 'PR_0005', 'U_0001', 0, 0, 700, '2020-01-21 00:00:00', '2020-01-02 16:27:52', '2020-01-02 16:27:52', 20, 20, 20, 20, 100, 10, 10, 1, 100, 100, '', 142.857, 100, 100, 14.2857, 10, 10, 10.2041),
(41, 'PR_0001', 'U_0001', 0, 0, 990, '2020-01-22 00:00:00', '2020-01-02 16:28:39', '2020-01-02 16:28:39', 20, 20, 20, 20, 100, 10, 10, 1, 100, 100, '', 101.01, 100, 100, 10.101, 10, 10, 10.0301),
(42, 'PR_0003', 'U_0001', 0, 0, 680, '2020-01-22 00:00:00', '2020-01-02 16:28:39', '2020-01-02 16:28:39', 20, 20, 20, 20, 100, 10, 10, 1, 100, 100, '', 147.059, 100, 100, 14.7059, 10, 10, 10.2041),
(43, 'PR_0004', 'U_0001', 0, 0, 700, '2020-01-22 00:00:00', '2020-01-02 16:28:39', '2020-01-02 16:28:39', 20, 20, 20, 20, 90, 10, 9, 1, 100, 100, '', 142.857, 100, 100, 12.8571, 11.1111, 11.1111, 9.18367),
(44, 'PR_0005', 'U_0001', 0, 0, 700, '2020-01-22 00:00:00', '2020-01-02 16:28:39', '2020-01-02 16:28:39', 20, 20, 20, 20, 90, 10, 9, 1, 100, 100, '', 142.857, 100, 100, 12.8571, 11.1111, 11.1111, 9.18367);

--
-- Constraints for dumped tables
--

--
-- Constraints for table `mt_kandang`
--
ALTER TABLE `mt_kandang`
  ADD CONSTRAINT `mt_kandang_ibfk_1` FOREIGN KEY (`id_lokasi`) REFERENCES `mt_lokasi` (`id_lokasi`);

--
-- Constraints for table `mt_strain_nilai`
--
ALTER TABLE `mt_strain_nilai`
  ADD CONSTRAINT `mt_strain_nilai_ibfk_1` FOREIGN KEY (`id_strain`) REFERENCES `mt_strain` (`id_strain`);

--
-- Constraints for table `tr_periode`
--
ALTER TABLE `tr_periode`
  ADD CONSTRAINT `tr_periode_ibfk_1` FOREIGN KEY (`id_kandang`) REFERENCES `mt_kandang` (`id_kandang`),
  ADD CONSTRAINT `tr_periode_ibfk_2` FOREIGN KEY (`id_anggota`) REFERENCES `mt_anggota` (`id_anggota`),
  ADD CONSTRAINT `tr_periode_ibfk_3` FOREIGN KEY (`id_strain`) REFERENCES `mt_strain` (`id_strain`);

--
-- Constraints for table `tr_produksi`
--
ALTER TABLE `tr_produksi`
  ADD CONSTRAINT `tr_produksi_ibfk_1` FOREIGN KEY (`id_anggota`) REFERENCES `mt_anggota` (`id_anggota`),
  ADD CONSTRAINT `tr_produksi_ibfk_2` FOREIGN KEY (`id_periode`) REFERENCES `tr_periode` (`id_periode`);

/*!40101 SET CHARACTER_SET_CLIENT=@OLD_CHARACTER_SET_CLIENT */;
/*!40101 SET CHARACTER_SET_RESULTS=@OLD_CHARACTER_SET_RESULTS */;
/*!40101 SET COLLATION_CONNECTION=@OLD_COLLATION_CONNECTION */;
